npm warn deprecated rimraf@3.0.2: Rimraf versions prior to v4 are no longer supported
npm warn deprecated uuid@7.0.3: uuid@10 and below is no longer supported.  For ESM codebases, update to uuid@latest.  For CommonJS codebases, use uuid@11 (but be aware this version will likely be deprecated in 2028).
npm warn tar TAR_ENTRY_ERROR UNKNOWN: unknown error, open 'd:\Escritorio\Noveno Cuatrimestre\Programacion movil\PM206\practica19\usuarioApi\usuarioApi\node_modules\@expo\metro\metro-config\defaults\defaults.d.ts'
npm warn tar TAR_ENTRY_ERROR ENOENT: no such file or directory, open 'd:\Escritorio\Noveno Cuatrimestre\Programacion movil\PM206\practica19\usuarioApi\usuarioApi\node_modules\caniuse-lite\data\regions\SM.js'
npm warn tar TAR_ENTRY_ERROR ENOENT: no such file or directory, lstat 'd:\Escritorio\Noveno Cuatrimestre\Programacion movil\PM206\practica19\usuarioApi\usuarioApi\node_modules\expo-modules-core\android\src\main\java\expo\modules\kotlin'
npm warn tar TAR_ENTRY_ERROR ENOENT: no such file or directory, lstat 'd:\Escritorio\Noveno Cuatrimestre\Programacion movil\PM206\practica19\usuarioApi\usuarioApi\node_modules\react-native-gesture-handler\lib\typescript\handlers'
npm warn tar TAR_ENTRY_ERROR ENOENT: no such file or directory, lstat 'd:\Escritorio\Noveno Cuatrimestre\Programacion movil\PM206\practica19\usuarioApi\usuarioApi\node_modules\react-native-gesture-handler\lib'
npm warn tar TAR_ENTRY_ERROR ENOENT: no such file or directory, lstat 'd:\Escritorio\Noveno Cuatrimestre\Programacion movil\PM206\practica19\usuarioApi\usuarioApi\node_modules\react-native-gesture-handler\lib'
npm warn tar TAR_ENTRY_ERROR ENOENT: no such file or directory, lstat 'd:\Escritorio\Noveno Cuatrimestre\Programacion movil\PM206\practica19\usuarioApi\usuarioApi\node_modules\react-native-gesture-handler\lib'
npm warn tar TAR_ENTRY_ERROR ENOENT: no such file or directory, lstat 'd:\Escritorio\Noveno Cuatrimestre\Programacion movil\PM206\practica19\usuarioApi\usuarioApi\node_modules\react-native-gesture-handler\lib'
npm warn tar TAR_ENTRY_ERROR ENOENT: no such file or directory, lstat 'd:\Escritorio\Noveno Cuatrimestre\Programacion movil\PM206\practica19\usuarioApi\usuarioApi\node_modules\react-native-gesture-handler\lib'
npm warn tar TAR_ENTRY_ERROR ENOENT: no such file or directory, lstat 'd:\Escritorio\Noveno Cuatrimestre\Programacion movil\PM206\practica19\usuarioApi\usuarioApi\node_modules\react-native-gesture-handler\lib'
npm warn tar TAR_ENTRY_ERROR ENOENT: no such file or directory, lstat 'd:\Escritorio\Noveno Cuatrimestre\Programacion movil\PM206\practica19\usuarioApi\usuarioApi\node_modules\react-native-gesture-handler\lib'
npm warn tar TAR_ENTRY_ERROR ENOENT: no such file or directory, lstat 'd:\Escritorio\Noveno Cuatrimestre\Programacion movil\PM206\practica19\usuarioApi\usuarioApi\node_modules\react-native-gesture-handler\lib'
npm warn tar TAR_ENTRY_ERROR ENOENT: no such file or directory, lstat 'd:\Escritorio\Noveno Cuatrimestre\Programacion movil\PM206\practica19\usuarioApi\usuarioApi\node_modules\react-native-gesture-handler\lib'
npm warn tar TAR_ENTRY_ERROR ENOENT: no such file or directory, lstat 'd:\Escritorio\Noveno Cuatrimestre\Programacion movil\PM206\practica19\usuarioApi\usuarioApi\node_modules\react-native-gesture-handler\lib'
npm warn tar TAR_ENTRY_ERROR ENOENT: no such file or directory, lstat 'd:\Escritorio\Noveno Cuatrimestre\Programacion movil\PM206\practica19\usuarioApi\usuarioApi\node_modules\react-native-gesture-handler\lib'
npm warn tar TAR_ENTRY_ERROR ENOENT: no such file or directory, lstat 'd:\Escritorio\Noveno Cuatrimestre\Programacion movil\PM206\practica19\usuarioApi\usuarioApi\node_modules\react-native-gesture-handler\lib'
npm warn tar TAR_ENTRY_ERROR ENOENT: no such file or directory, lstat 'd:\Escritorio\Noveno Cuatrimestre\Programacion movil\PM206\practica19\usuarioApi\usuarioApi\node_modules\react-native-gesture-handler\lib'
npm warn tar TAR_ENTRY_ERROR ENOENT: no such file or directory, lstat 'd:\Escritorio\Noveno Cuatrimestre\Programacion movil\PM206\practica19\usuarioApi\usuarioApi\node_modules\react-native-gesture-handler\lib'
npm warn tar TAR_ENTRY_ERROR ENOENT: no such file or directory, lstat 'd:\Escritorio\Noveno Cuatrimestre\Programacion movil\PM206\practica19\usuarioApi\usuarioApi\node_modules\react-native-gesture-handler\lib'
npm warn tar TAR_ENTRY_ERROR ENOENT: no such file or directory, lstat 'd:\Escritorio\Noveno Cuatrimestre\Programacion movil\PM206\practica19\usuarioApi\usuarioApi\node_modules\react-native-gesture-handler\lib'
npm warn tar TAR_ENTRY_ERROR ENOENT: no such file or directory, lstat 'd:\Escritorio\Noveno Cuatrimestre\Programacion movil\PM206\practica19\usuarioApi\usuarioApi\node_modules\react-native-gesture-handler\lib'
npm warn tar TAR_ENTRY_ERROR ENOENT: no such file or directory, lstat 'd:\Escritorio\Noveno Cuatrimestre\Programacion movil\PM206\practica19\usuarioApi\usuarioApi\node_modules\react-native-gesture-handler\lib'
npm warn tar TAR_ENTRY_ERROR ENOENT: no such file or directory, lstat 'd:\Escritorio\Noveno Cuatrimestre\Programacion movil\PM206\practica19\usuarioApi\usuarioApi\node_modules\react-native-gesture-handler\lib'
npm warn tar TAR_ENTRY_ERROR ENOENT: no such file or directory, lstat 'd:\Escritorio\Noveno Cuatrimestre\Programacion movil\PM206\practica19\usuarioApi\usuarioApi\node_modules\react-native-gesture-handler\lib'
npm warn tar TAR_ENTRY_ERROR ENOENT: no such file or directory, lstat 'd:\Escritorio\Noveno Cuatrimestre\Programacion movil\PM206\practica19\usuarioApi\usuarioApi\node_modules\react-native-gesture-handler\lib'
npm warn tar TAR_ENTRY_ERROR ENOENT: no such file or directory, lstat 'd:\Escritorio\Noveno Cuatrimestre\Programacion movil\PM206\practica19\usuarioApi\usuarioApi\node_modules\react-native-gesture-handler\lib'
npm warn tar TAR_ENTRY_ERROR ENOENT: no such file or directory, lstat 'd:\Escritorio\Noveno Cuatrimestre\Programacion movil\PM206\practica19\usuarioApi\usuarioApi\node_modules\react-native-gesture-handler\lib'
npm warn tar TAR_ENTRY_ERROR ENOENT: no such file or directory, lstat 'd:\Escritorio\Noveno Cuatrimestre\Programacion movil\PM206\practica19\usuarioApi\usuarioApi\node_modules\react-native-gesture-handler\lib'
npm warn tar TAR_ENTRY_ERROR ENOENT: no such file or directory, lstat 'd:\Escritorio\Noveno Cuatrimestre\Programacion movil\PM206\practica19\usuarioApi\usuarioApi\node_modules\react-native-gesture-handler\lib'
npm warn tar TAR_ENTRY_ERROR ENOENT: no such file or directory, lstat 'd:\Escritorio\Noveno Cuatrimestre\Programacion movil\PM206\practica19\usuarioApi\usuarioApi\node_modules\react-native-gesture-handler\lib'
npm warn tar TAR_ENTRY_ERROR ENOENT: no such file or directory, lstat 'd:\Escritorio\Noveno Cuatrimestre\Programacion movil\PM206\practica19\usuarioApi\usuarioApi\node_modules\react-native-gesture-handler\lib'
npm warn tar TAR_ENTRY_ERROR ENOENT: no such file or directory, lstat 'd:\Escritorio\Noveno Cuatrimestre\Programacion movil\PM206\practica19\usuarioApi\usuarioApi\node_modules\react-native-gesture-handler\lib'
npm warn tar TAR_ENTRY_ERROR ENOENT: no such file or directory, lstat 'd:\Escritorio\Noveno Cuatrimestre\Programacion movil\PM206\practica19\usuarioApi\usuarioApi\node_modules\react-native-gesture-handler\lib'
npm warn tar TAR_ENTRY_ERROR ENOENT: no such file or directory, lstat 'd:\Escritorio\Noveno Cuatrimestre\Programacion movil\PM206\practica19\usuarioApi\usuarioApi\node_modules\react-native-gesture-handler\lib'
npm warn tar TAR_ENTRY_ERROR ENOENT: no such file or directory, lstat 'd:\Escritorio\Noveno Cuatrimestre\Programacion movil\PM206\practica19\usuarioApi\usuarioApi\node_modules\react-native-gesture-handler\lib'
npm warn tar TAR_ENTRY_ERROR ENOENT: no such file or directory, lstat 'd:\Escritorio\Noveno Cuatrimestre\Programacion movil\PM206\practica19\usuarioApi\usuarioApi\node_modules\react-native-gesture-handler\lib'
npm warn tar TAR_ENTRY_ERROR ENOENT: no such file or directory, lstat 'd:\Escritorio\Noveno Cuatrimestre\Programacion movil\PM206\practica19\usuarioApi\usuarioApi\node_modules\react-native-gesture-handler\lib'
npm warn tar TAR_ENTRY_ERROR ENOENT: no such file or directory, lstat 'd:\Escritorio\Noveno Cuatrimestre\Programacion movil\PM206\practica19\usuarioApi\usuarioApi\node_modules\react-native-gesture-handler\lib'
npm warn tar TAR_ENTRY_ERROR ENOENT: no such file or directory, lstat 'd:\Escritorio\Noveno Cuatrimestre\Programacion movil\PM206\practica19\usuarioApi\usuarioApi\node_modules\react-native-gesture-handler\lib'
npm warn tar TAR_ENTRY_ERROR ENOENT: no such file or directory, lstat 'd:\Escritorio\Noveno Cuatrimestre\Programacion movil\PM206\practica19\usuarioApi\usuarioApi\node_modules\react-native-gesture-handler\lib'
npm warn tar TAR_ENTRY_ERROR ENOENT: no such file or directory, lstat 'd:\Escritorio\Noveno Cuatrimestre\Programacion movil\PM206\practica19\usuarioApi\usuarioApi\node_modules\react-native-gesture-handler\lib'
npm warn tar TAR_ENTRY_ERROR ENOENT: no such file or directory, lstat 'd:\Escritorio\Noveno Cuatrimestre\Programacion movil\PM206\practica19\usuarioApi\usuarioApi\node_modules\react-native-gesture-handler\lib'
npm warn tar TAR_ENTRY_ERROR ENOENT: no such file or directory, lstat 'd:\Escritorio\Noveno Cuatrimestre\Programacion movil\PM206\practica19\usuarioApi\usuarioApi\node_modules\react-native-gesture-handler\lib'
npm warn tar TAR_ENTRY_ERROR ENOENT: no such file or directory, lstat 'd:\Escritorio\Noveno Cuatrimestre\Programacion movil\PM206\practica19\usuarioApi\usuarioApi\node_modules\react-native-gesture-handler\lib'
npm warn tar TAR_ENTRY_ERROR ENOENT: no such file or directory, lstat 'd:\Escritorio\Noveno Cuatrimestre\Programacion movil\PM206\practica19\usuarioApi\usuarioApi\node_modules\react-native-gesture-handler\lib'
npm warn tar TAR_ENTRY_ERROR ENOENT: no such file or directory, lstat 'd:\Escritorio\Noveno Cuatrimestre\Programacion movil\PM206\practica19\usuarioApi\usuarioApi\node_modules\react-native-gesture-handler\lib'
npm warn tar TAR_ENTRY_ERROR ENOENT: no such file or directory, lstat 'd:\Escritorio\Noveno Cuatrimestre\Programacion movil\PM206\practica19\usuarioApi\usuarioApi\node_modules\react-native-gesture-handler\lib'
npm warn tar TAR_ENTRY_ERROR ENOENT: no such file or directory, lstat 'd:\Escritorio\Noveno Cuatrimestre\Programacion movil\PM206\practica19\usuarioApi\usuarioApi\node_modules\react-native-gesture-handler\lib'
npm warn tar TAR_ENTRY_ERROR ENOENT: no such file or directory, lstat 'd:\Escritorio\Noveno Cuatrimestre\Programacion movil\PM206\practica19\usuarioApi\usuarioApi\node_modules\react-native-gesture-handler\lib'
npm warn tar TAR_ENTRY_ERROR ENOENT: no such file or directory, lstat 'd:\Escritorio\Noveno Cuatrimestre\Programacion movil\PM206\practica19\usuarioApi\usuarioApi\node_modules\react-native-gesture-handler\lib'
npm warn tar TAR_ENTRY_ERROR ENOENT: no such file or directory, lstat 'd:\Escritorio\Noveno Cuatrimestre\Programacion movil\PM206\practica19\usuarioApi\usuarioApi\node_modules\react-native-gesture-handler\lib'
npm warn tar TAR_ENTRY_ERROR ENOENT: no such file or directory, lstat 'd:\Escritorio\Noveno Cuatrimestre\Programacion movil\PM206\practica19\usuarioApi\usuarioApi\node_modules\react-native-gesture-handler\lib'
npm warn tar TAR_ENTRY_ERROR ENOENT: no such file or directory, lstat 'd:\Escritorio\Noveno Cuatrimestre\Programacion movil\PM206\practica19\usuarioApi\usuarioApi\node_modules\react-native-gesture-handler\lib'
npm warn tar TAR_ENTRY_ERROR ENOENT: no such file or directory, lstat 'd:\Escritorio\Noveno Cuatrimestre\Programacion movil\PM206\practica19\usuarioApi\usuarioApi\node_modules\react-native-gesture-handler\lib'
npm warn tar TAR_ENTRY_ERROR ENOENT: no such file or directory, lstat 'd:\Escritorio\Noveno Cuatrimestre\Programacion movil\PM206\practica19\usuarioApi\usuarioApi\node_modules\react-native-gesture-handler\lib'
npm warn tar TAR_ENTRY_ERROR ENOENT: no such file or directory, lstat 'd:\Escritorio\Noveno Cuatrimestre\Programacion movil\PM206\practica19\usuarioApi\usuarioApi\node_modules\react-native-gesture-handler\lib'
npm warn tar TAR_ENTRY_ERROR ENOENT: no such file or directory, lstat 'd:\Escritorio\Noveno Cuatrimestre\Programacion movil\PM206\practica19\usuarioApi\usuarioApi\node_modules\react-native-gesture-handler\lib'
npm warn tar TAR_ENTRY_ERROR ENOENT: no such file or directory, lstat 'd:\Escritorio\Noveno Cuatrimestre\Programacion movil\PM206\practica19\usuarioApi\usuarioApi\node_modules\react-native-gesture-handler\lib'
npm warn tar TAR_ENTRY_ERROR ENOENT: no such file or directory, lstat 'd:\Escritorio\Noveno Cuatrimestre\Programacion movil\PM206\practica19\usuarioApi\usuarioApi\node_modules\react-native-gesture-handler\lib'
npm warn tar TAR_ENTRY_ERROR ENOENT: no such file or directory, lstat 'd:\Escritorio\Noveno Cuatrimestre\Programacion movil\PM206\practica19\usuarioApi\usuarioApi\node_modules\react-native-gesture-handler\lib'
npm warn tar TAR_ENTRY_ERROR ENOENT: no such file or directory, lstat 'd:\Escritorio\Noveno Cuatrimestre\Programacion movil\PM206\practica19\usuarioApi\usuarioApi\node_modules\react-native-gesture-handler\lib'
npm warn tar TAR_ENTRY_ERROR ENOENT: no such file or directory, lstat 'd:\Escritorio\Noveno Cuatrimestre\Programacion movil\PM206\practica19\usuarioApi\usuarioApi\node_modules\react-native-gesture-handler\lib'
npm warn tar TAR_ENTRY_ERROR ENOENT: no such file or directory, lstat 'd:\Escritorio\Noveno Cuatrimestre\Programacion movil\PM206\practica19\usuarioApi\usuarioApi\node_modules\react-native-gesture-handler\lib'
npm warn tar TAR_ENTRY_ERROR ENOENT: no such file or directory, lstat 'd:\Escritorio\Noveno Cuatrimestre\Programacion movil\PM206\practica19\usuarioApi\usuarioApi\node_modules\react-native-gesture-handler\lib'
npm warn tar TAR_ENTRY_ERROR ENOENT: no such file or directory, lstat 'd:\Escritorio\Noveno Cuatrimestre\Programacion movil\PM206\practica19\usuarioApi\usuarioApi\node_modules\react-native-gesture-handler\lib'
npm warn tar TAR_ENTRY_ERROR ENOENT: no such file or directory, lstat 'd:\Escritorio\Noveno Cuatrimestre\Programacion movil\PM206\practica19\usuarioApi\usuarioApi\node_modules\react-native-gesture-handler\lib'
npm warn tar TAR_ENTRY_ERROR ENOENT: no such file or directory, lstat 'd:\Escritorio\Noveno Cuatrimestre\Programacion movil\PM206\practica19\usuarioApi\usuarioApi\node_modules\react-native-gesture-handler\lib'
npm warn tar TAR_ENTRY_ERROR ENOENT: no such file or directory, lstat 'd:\Escritorio\Noveno Cuatrimestre\Programacion movil\PM206\practica19\usuarioApi\usuarioApi\node_modules\react-native-gesture-handler\lib'
npm warn tar TAR_ENTRY_ERROR ENOENT: no such file or directory, lstat 'd:\Escritorio\Noveno Cuatrimestre\Programacion movil\PM206\practica19\usuarioApi\usuarioApi\node_modules\react-native-gesture-handler\lib'
npm warn tar TAR_ENTRY_ERROR ENOENT: no such file or directory, lstat 'd:\Escritorio\Noveno Cuatrimestre\Programacion movil\PM206\practica19\usuarioApi\usuarioApi\node_modules\react-native-gesture-handler\lib'
npm warn tar TAR_ENTRY_ERROR ENOENT: no such file or directory, lstat 'd:\Escritorio\Noveno Cuatrimestre\Programacion movil\PM206\practica19\usuarioApi\usuarioApi\node_modules\react-native-gesture-handler\lib'
npm warn tar TAR_ENTRY_ERROR ENOENT: no such file or directory, lstat 'd:\Escritorio\Noveno Cuatrimestre\Programacion movil\PM206\practica19\usuarioApi\usuarioApi\node_modules\react-native-gesture-handler\lib'
npm warn tar TAR_ENTRY_ERROR ENOENT: no such file or directory, lstat 'd:\Escritorio\Noveno Cuatrimestre\Programacion movil\PM206\practica19\usuarioApi\usuarioApi\node_modules\react-native-gesture-handler\lib'
npm warn tar TAR_ENTRY_ERROR ENOENT: no such file or directory, lstat 'd:\Escritorio\Noveno Cuatrimestre\Programacion movil\PM206\practica19\usuarioApi\usuarioApi\node_modules\react-native-gesture-handler\lib'
npm warn tar TAR_ENTRY_ERROR ENOENT: no such file or directory, lstat 'd:\Escritorio\Noveno Cuatrimestre\Programacion movil\PM206\practica19\usuarioApi\usuarioApi\node_modules\react-native-gesture-handler\lib'
npm warn tar TAR_ENTRY_ERROR ENOENT: no such file or directory, lstat 'd:\Escritorio\Noveno Cuatrimestre\Programacion movil\PM206\practica19\usuarioApi\usuarioApi\node_modules\react-native-gesture-handler\lib'
npm warn tar TAR_ENTRY_ERROR ENOENT: no such file or directory, lstat 'd:\Escritorio\Noveno Cuatrimestre\Programacion movil\PM206\practica19\usuarioApi\usuarioApi\node_modules\react-native-gesture-handler\lib'
npm warn tar TAR_ENTRY_ERROR ENOENT: no such file or directory, lstat 'd:\Escritorio\Noveno Cuatrimestre\Programacion movil\PM206\practica19\usuarioApi\usuarioApi\node_modules\react-native-gesture-handler\lib'
npm warn tar TAR_ENTRY_ERROR ENOENT: no such file or directory, lstat 'd:\Escritorio\Noveno Cuatrimestre\Programacion movil\PM206\practica19\usuarioApi\usuarioApi\node_modules\react-native-gesture-handler\lib'
npm warn tar TAR_ENTRY_ERROR ENOENT: no such file or directory, lstat 'd:\Escritorio\Noveno Cuatrimestre\Programacion movil\PM206\practica19\usuarioApi\usuarioApi\node_modules\react-native-gesture-handler\lib'
npm warn tar TAR_ENTRY_ERROR ENOENT: no such file or directory, lstat 'd:\Escritorio\Noveno Cuatrimestre\Programacion movil\PM206\practica19\usuarioApi\usuarioApi\node_modules\react-native-gesture-handler\lib'
npm warn tar TAR_ENTRY_ERROR ENOENT: no such file or directory, lstat 'd:\Escritorio\Noveno Cuatrimestre\Programacion movil\PM206\practica19\usuarioApi\usuarioApi\node_modules\react-native-gesture-handler\lib'
npm warn tar TAR_ENTRY_ERROR ENOENT: no such file or directory, lstat 'd:\Escritorio\Noveno Cuatrimestre\Programacion movil\PM206\practica19\usuarioApi\usuarioApi\node_modules\react-native-gesture-handler\lib'
npm warn tar TAR_ENTRY_ERROR ENOENT: no such file or directory, lstat 'd:\Escritorio\Noveno Cuatrimestre\Programacion movil\PM206\practica19\usuarioApi\usuarioApi\node_modules\react-native-gesture-handler\lib'
npm warn tar TAR_ENTRY_ERROR ENOENT: no such file or directory, lstat 'd:\Escritorio\Noveno Cuatrimestre\Programacion movil\PM206\practica19\usuarioApi\usuarioApi\node_modules\react-native-gesture-handler\lib'
npm warn tar TAR_ENTRY_ERROR ENOENT: no such file or directory, lstat 'd:\Escritorio\Noveno Cuatrimestre\Programacion movil\PM206\practica19\usuarioApi\usuarioApi\node_modules\react-native-gesture-handler\lib'
npm warn tar TAR_ENTRY_ERROR ENOENT: no such file or directory, lstat 'd:\Escritorio\Noveno Cuatrimestre\Programacion movil\PM206\practica19\usuarioApi\usuarioApi\node_modules\react-native-gesture-handler\lib'
npm warn tar TAR_ENTRY_ERROR ENOENT: no such file or directory, lstat 'd:\Escritorio\Noveno Cuatrimestre\Programacion movil\PM206\practica19\usuarioApi\usuarioApi\node_modules\react-native-gesture-handler\lib'
npm warn tar TAR_ENTRY_ERROR ENOENT: no such file or directory, lstat 'd:\Escritorio\Noveno Cuatrimestre\Programacion movil\PM206\practica19\usuarioApi\usuarioApi\node_modules\react-native-gesture-handler\lib'
npm warn tar TAR_ENTRY_ERROR ENOENT: no such file or directory, lstat 'd:\Escritorio\Noveno Cuatrimestre\Programacion movil\PM206\practica19\usuarioApi\usuarioApi\node_modules\react-native-gesture-handler\lib'
npm warn tar TAR_ENTRY_ERROR ENOENT: no such file or directory, lstat 'd:\Escritorio\Noveno Cuatrimestre\Programacion movil\PM206\practica19\usuarioApi\usuarioApi\node_modules\react-native-gesture-handler\lib'
npm warn tar TAR_ENTRY_ERROR ENOENT: no such file or directory, lstat 'd:\Escritorio\Noveno Cuatrimestre\Programacion movil\PM206\practica19\usuarioApi\usuarioApi\node_modules\react-native-gesture-handler\lib'
npm warn tar TAR_ENTRY_ERROR ENOENT: no such file or directory, lstat 'd:\Escritorio\Noveno Cuatrimestre\Programacion movil\PM206\practica19\usuarioApi\usuarioApi\node_modules\react-native-gesture-handler\lib'
npm warn tar TAR_ENTRY_ERROR ENOENT: no such file or directory, lstat 'd:\Escritorio\Noveno Cuatrimestre\Programacion movil\PM206\practica19\usuarioApi\usuarioApi\node_modules\react-native-gesture-handler\lib'
npm warn tar TAR_ENTRY_ERROR ENOENT: no such file or directory, lstat 'd:\Escritorio\Noveno Cuatrimestre\Programacion movil\PM206\practica19\usuarioApi\usuarioApi\node_modules\react-native-gesture-handler\lib'
npm warn tar TAR_ENTRY_ERROR ENOENT: no such file or directory, lstat 'd:\Escritorio\Noveno Cuatrimestre\Programacion movil\PM206\practica19\usuarioApi\usuarioApi\node_modules\react-native-gesture-handler\lib'
npm warn tar TAR_ENTRY_ERROR ENOENT: no such file or directory, lstat 'd:\Escritorio\Noveno Cuatrimestre\Programacion movil\PM206\practica19\usuarioApi\usuarioApi\node_modules\react-native-gesture-handler\lib'
npm warn tar TAR_ENTRY_ERROR ENOENT: no such file or directory, lstat 'd:\Escritorio\Noveno Cuatrimestre\Programacion movil\PM206\practica19\usuarioApi\usuarioApi\node_modules\react-native-gesture-handler\lib'
npm warn tar TAR_ENTRY_ERROR ENOENT: no such file or directory, lstat 'd:\Escritorio\Noveno Cuatrimestre\Programacion movil\PM206\practica19\usuarioApi\usuarioApi\node_modules\react-native-gesture-handler\lib'
npm warn tar TAR_ENTRY_ERROR ENOENT: no such file or directory, lstat 'd:\Escritorio\Noveno Cuatrimestre\Programacion movil\PM206\practica19\usuarioApi\usuarioApi\node_modules\react-native-gesture-handler\lib'
npm warn tar TAR_ENTRY_ERROR ENOENT: no such file or directory, lstat 'd:\Escritorio\Noveno Cuatrimestre\Programacion movil\PM206\practica19\usuarioApi\usuarioApi\node_modules\react-native-gesture-handler\lib'
npm warn tar TAR_ENTRY_ERROR ENOENT: no such file or directory, lstat 'd:\Escritorio\Noveno Cuatrimestre\Programacion movil\PM206\practica19\usuarioApi\usuarioApi\node_modules\react-native-gesture-handler\lib'
npm warn tar TAR_ENTRY_ERROR ENOENT: no such file or directory, lstat 'd:\Escritorio\Noveno Cuatrimestre\Programacion movil\PM206\practica19\usuarioApi\usuarioApi\node_modules\react-native-gesture-handler\lib'
npm warn tar TAR_ENTRY_ERROR ENOENT: no such file or directory, lstat 'd:\Escritorio\Noveno Cuatrimestre\Programacion movil\PM206\practica19\usuarioApi\usuarioApi\node_modules\react-native-gesture-handler\lib'
npm warn tar TAR_ENTRY_ERROR ENOENT: no such file or directory, lstat 'd:\Escritorio\Noveno Cuatrimestre\Programacion movil\PM206\practica19\usuarioApi\usuarioApi\node_modules\react-native-gesture-handler\lib'
npm warn tar TAR_ENTRY_ERROR ENOENT: no such file or directory, lstat 'd:\Escritorio\Noveno Cuatrimestre\Programacion movil\PM206\practica19\usuarioApi\usuarioApi\node_modules\react-native-gesture-handler\lib'
npm warn tar TAR_ENTRY_ERROR ENOENT: no such file or directory, lstat 'd:\Escritorio\Noveno Cuatrimestre\Programacion movil\PM206\practica19\usuarioApi\usuarioApi\node_modules\react-native-gesture-handler\lib'
npm warn tar TAR_ENTRY_ERROR ENOENT: no such file or directory, lstat 'd:\Escritorio\Noveno Cuatrimestre\Programacion movil\PM206\practica19\usuarioApi\usuarioApi\node_modules\react-native-gesture-handler\lib'
npm warn tar TAR_ENTRY_ERROR ENOENT: no such file or directory, lstat 'd:\Escritorio\Noveno Cuatrimestre\Programacion movil\PM206\practica19\usuarioApi\usuarioApi\node_modules\react-native-gesture-handler\lib'
npm warn tar TAR_ENTRY_ERROR ENOENT: no such file or directory, lstat 'd:\Escritorio\Noveno Cuatrimestre\Programacion movil\PM206\practica19\usuarioApi\usuarioApi\node_modules\react-native-gesture-handler\lib'
npm warn tar TAR_ENTRY_ERROR ENOENT: no such file or directory, lstat 'd:\Escritorio\Noveno Cuatrimestre\Programacion movil\PM206\practica19\usuarioApi\usuarioApi\node_modules\react-native-gesture-handler\lib'
npm warn tar TAR_ENTRY_ERROR ENOENT: no such file or directory, lstat 'd:\Escritorio\Noveno Cuatrimestre\Programacion movil\PM206\practica19\usuarioApi\usuarioApi\node_modules\react-native-gesture-handler\lib'
npm warn tar TAR_ENTRY_ERROR ENOENT: no such file or directory, lstat 'd:\Escritorio\Noveno Cuatrimestre\Programacion movil\PM206\practica19\usuarioApi\usuarioApi\node_modules\react-native-gesture-handler\lib'
npm warn tar TAR_ENTRY_ERROR ENOENT: no such file or directory, lstat 'd:\Escritorio\Noveno Cuatrimestre\Programacion movil\PM206\practica19\usuarioApi\usuarioApi\node_modules\react-native-gesture-handler\lib'
npm warn tar TAR_ENTRY_ERROR ENOENT: no such file or directory, lstat 'd:\Escritorio\Noveno Cuatrimestre\Programacion movil\PM206\practica19\usuarioApi\usuarioApi\node_modules\react-native-gesture-handler\lib'
npm warn tar TAR_ENTRY_ERROR ENOENT: no such file or directory, lstat 'd:\Escritorio\Noveno Cuatrimestre\Programacion movil\PM206\practica19\usuarioApi\usuarioApi\node_modules\react-native-gesture-handler\lib'
npm warn tar TAR_ENTRY_ERROR ENOENT: no such file or directory, lstat 'd:\Escritorio\Noveno Cuatrimestre\Programacion movil\PM206\practica19\usuarioApi\usuarioApi\node_modules\react-native-gesture-handler\lib'
npm warn tar TAR_ENTRY_ERROR ENOENT: no such file or directory, lstat 'd:\Escritorio\Noveno Cuatrimestre\Programacion movil\PM206\practica19\usuarioApi\usuarioApi\node_modules\react-native-gesture-handler\lib'
npm warn tar TAR_ENTRY_ERROR ENOENT: no such file or directory, lstat 'd:\Escritorio\Noveno Cuatrimestre\Programacion movil\PM206\practica19\usuarioApi\usuarioApi\node_modules\react-native-gesture-handler\lib'
npm warn tar TAR_ENTRY_ERROR ENOENT: no such file or directory, lstat 'd:\Escritorio\Noveno Cuatrimestre\Programacion movil\PM206\practica19\usuarioApi\usuarioApi\node_modules\react-native-gesture-handler\lib'
npm warn tar TAR_ENTRY_ERROR ENOENT: no such file or directory, lstat 'd:\Escritorio\Noveno Cuatrimestre\Programacion movil\PM206\practica19\usuarioApi\usuarioApi\node_modules\react-native-gesture-handler\lib'
npm warn tar TAR_ENTRY_ERROR ENOENT: no such file or directory, lstat 'd:\Escritorio\Noveno Cuatrimestre\Programacion movil\PM206\practica19\usuarioApi\usuarioApi\node_modules\react-native-gesture-handler\lib'
npm warn tar TAR_ENTRY_ERROR ENOENT: no such file or directory, lstat 'd:\Escritorio\Noveno Cuatrimestre\Programacion movil\PM206\practica19\usuarioApi\usuarioApi\node_modules\react-native-gesture-handler\lib'
npm warn tar TAR_ENTRY_ERROR ENOENT: no such file or directory, lstat 'd:\Escritorio\Noveno Cuatrimestre\Programacion movil\PM206\practica19\usuarioApi\usuarioApi\node_modules\react-native-gesture-handler\lib'
npm warn tar TAR_ENTRY_ERROR ENOENT: no such file or directory, lstat 'd:\Escritorio\Noveno Cuatrimestre\Programacion movil\PM206\practica19\usuarioApi\usuarioApi\node_modules\react-native-gesture-handler\lib'
npm warn tar TAR_ENTRY_ERROR ENOENT: no such file or directory, lstat 'd:\Escritorio\Noveno Cuatrimestre\Programacion movil\PM206\practica19\usuarioApi\usuarioApi\node_modules\react-native-gesture-handler\lib'
npm warn tar TAR_ENTRY_ERROR ENOENT: no such file or directory, lstat 'd:\Escritorio\Noveno Cuatrimestre\Programacion movil\PM206\practica19\usuarioApi\usuarioApi\node_modules\react-native-gesture-handler\lib'
npm warn tar TAR_ENTRY_ERROR ENOENT: no such file or directory, lstat 'd:\Escritorio\Noveno Cuatrimestre\Programacion movil\PM206\practica19\usuarioApi\usuarioApi\node_modules\react-native-gesture-handler\lib'
npm warn tar TAR_ENTRY_ERROR ENOENT: no such file or directory, lstat 'd:\Escritorio\Noveno Cuatrimestre\Programacion movil\PM206\practica19\usuarioApi\usuarioApi\node_modules\react-native-gesture-handler\lib'
npm warn tar TAR_ENTRY_ERROR ENOENT: no such file or directory, lstat 'd:\Escritorio\Noveno Cuatrimestre\Programacion movil\PM206\practica19\usuarioApi\usuarioApi\node_modules\react-native-gesture-handler\lib'
npm warn tar TAR_ENTRY_ERROR ENOENT: no such file or directory, lstat 'd:\Escritorio\Noveno Cuatrimestre\Programacion movil\PM206\practica19\usuarioApi\usuarioApi\node_modules\react-native-gesture-handler\lib'
npm warn tar TAR_ENTRY_ERROR ENOENT: no such file or directory, lstat 'd:\Escritorio\Noveno Cuatrimestre\Programacion movil\PM206\practica19\usuarioApi\usuarioApi\node_modules\react-native-gesture-handler\lib'
npm warn tar TAR_ENTRY_ERROR ENOENT: no such file or directory, lstat 'd:\Escritorio\Noveno Cuatrimestre\Programacion movil\PM206\practica19\usuarioApi\usuarioApi\node_modules\react-native-gesture-handler\lib'
npm warn tar TAR_ENTRY_ERROR ENOENT: no such file or directory, lstat 'd:\Escritorio\Noveno Cuatrimestre\Programacion movil\PM206\practica19\usuarioApi\usuarioApi\node_modules\react-native-gesture-handler\lib'
npm warn tar TAR_ENTRY_ERROR ENOENT: no such file or directory, lstat 'd:\Escritorio\Noveno Cuatrimestre\Programacion movil\PM206\practica19\usuarioApi\usuarioApi\node_modules\react-native-gesture-handler\lib'
npm warn tar TAR_ENTRY_ERROR ENOENT: no such file or directory, lstat 'd:\Escritorio\Noveno Cuatrimestre\Programacion movil\PM206\practica19\usuarioApi\usuarioApi\node_modules\react-native-gesture-handler\lib'
npm warn tar TAR_ENTRY_ERROR ENOENT: no such file or directory, lstat 'd:\Escritorio\Noveno Cuatrimestre\Programacion movil\PM206\practica19\usuarioApi\usuarioApi\node_modules\react-native-gesture-handler\lib'
npm warn tar TAR_ENTRY_ERROR ENOENT: no such file or directory, lstat 'd:\Escritorio\Noveno Cuatrimestre\Programacion movil\PM206\practica19\usuarioApi\usuarioApi\node_modules\react-native-gesture-handler\lib'
npm warn tar TAR_ENTRY_ERROR ENOENT: no such file or directory, lstat 'd:\Escritorio\Noveno Cuatrimestre\Programacion movil\PM206\practica19\usuarioApi\usuarioApi\node_modules\react-native-gesture-handler\lib'
npm warn tar TAR_ENTRY_ERROR ENOENT: no such file or directory, lstat 'd:\Escritorio\Noveno Cuatrimestre\Programacion movil\PM206\practica19\usuarioApi\usuarioApi\node_modules\react-native-gesture-handler\lib'
npm warn tar TAR_ENTRY_ERROR ENOENT: no such file or directory, lstat 'd:\Escritorio\Noveno Cuatrimestre\Programacion movil\PM206\practica19\usuarioApi\usuarioApi\node_modules\react-native-gesture-handler\lib'
npm warn tar TAR_ENTRY_ERROR ENOENT: no such file or directory, lstat 'd:\Escritorio\Noveno Cuatrimestre\Programacion movil\PM206\practica19\usuarioApi\usuarioApi\node_modules\react-native-gesture-handler\lib'
npm warn tar TAR_ENTRY_ERROR ENOENT: no such file or directory, lstat 'd:\Escritorio\Noveno Cuatrimestre\Programacion movil\PM206\practica19\usuarioApi\usuarioApi\node_modules\react-native-gesture-handler\lib'
npm warn tar TAR_ENTRY_ERROR ENOENT: no such file or directory, lstat 'd:\Escritorio\Noveno Cuatrimestre\Programacion movil\PM206\practica19\usuarioApi\usuarioApi\node_modules\react-native-gesture-handler\lib'
npm warn tar TAR_ENTRY_ERROR ENOENT: no such file or directory, lstat 'd:\Escritorio\Noveno Cuatrimestre\Programacion movil\PM206\practica19\usuarioApi\usuarioApi\node_modules\react-native-gesture-handler\lib'
npm warn tar TAR_ENTRY_ERROR ENOENT: no such file or directory, lstat 'd:\Escritorio\Noveno Cuatrimestre\Programacion movil\PM206\practica19\usuarioApi\usuarioApi\node_modules\react-native-gesture-handler\lib'
npm warn tar TAR_ENTRY_ERROR ENOENT: no such file or directory, lstat 'd:\Escritorio\Noveno Cuatrimestre\Programacion movil\PM206\practica19\usuarioApi\usuarioApi\node_modules\react-native-gesture-handler\lib'
npm warn tar TAR_ENTRY_ERROR ENOENT: no such file or directory, lstat 'd:\Escritorio\Noveno Cuatrimestre\Programacion movil\PM206\practica19\usuarioApi\usuarioApi\node_modules\react-native-gesture-handler\lib'
npm warn tar TAR_ENTRY_ERROR ENOENT: no such file or directory, lstat 'd:\Escritorio\Noveno Cuatrimestre\Programacion movil\PM206\practica19\usuarioApi\usuarioApi\node_modules\react-native-gesture-handler\lib'
npm warn tar TAR_ENTRY_ERROR ENOENT: no such file or directory, lstat 'd:\Escritorio\Noveno Cuatrimestre\Programacion movil\PM206\practica19\usuarioApi\usuarioApi\node_modules\react-native-gesture-handler\lib'
npm warn tar TAR_ENTRY_ERROR ENOENT: no such file or directory, lstat 'd:\Escritorio\Noveno Cuatrimestre\Programacion movil\PM206\practica19\usuarioApi\usuarioApi\node_modules\react-native-gesture-handler\lib'
npm warn tar TAR_ENTRY_ERROR ENOENT: no such file or directory, lstat 'd:\Escritorio\Noveno Cuatrimestre\Programacion movil\PM206\practica19\usuarioApi\usuarioApi\node_modules\react-native-gesture-handler\lib'
npm warn tar TAR_ENTRY_ERROR ENOENT: no such file or directory, lstat 'd:\Escritorio\Noveno Cuatrimestre\Programacion movil\PM206\practica19\usuarioApi\usuarioApi\node_modules\react-native-gesture-handler\lib'
npm warn tar TAR_ENTRY_ERROR ENOENT: no such file or directory, lstat 'd:\Escritorio\Noveno Cuatrimestre\Programacion movil\PM206\practica19\usuarioApi\usuarioApi\node_modules\react-native-gesture-handler\lib'
npm warn tar TAR_ENTRY_ERROR ENOENT: no such file or directory, lstat 'd:\Escritorio\Noveno Cuatrimestre\Programacion movil\PM206\practica19\usuarioApi\usuarioApi\node_modules\react-native-gesture-handler\lib'
npm warn tar TAR_ENTRY_ERROR ENOENT: no such file or directory, lstat 'd:\Escritorio\Noveno Cuatrimestre\Programacion movil\PM206\practica19\usuarioApi\usuarioApi\node_modules\react-native-gesture-handler\lib'
npm warn tar TAR_ENTRY_ERROR ENOENT: no such file or directory, lstat 'd:\Escritorio\Noveno Cuatrimestre\Programacion movil\PM206\practica19\usuarioApi\usuarioApi\node_modules\react-native-gesture-handler\lib'
npm warn tar TAR_ENTRY_ERROR ENOENT: no such file or directory, lstat 'd:\Escritorio\Noveno Cuatrimestre\Programacion movil\PM206\practica19\usuarioApi\usuarioApi\node_modules\react-native-gesture-handler\lib'
npm warn tar TAR_ENTRY_ERROR ENOENT: no such file or directory, lstat 'd:\Escritorio\Noveno Cuatrimestre\Programacion movil\PM206\practica19\usuarioApi\usuarioApi\node_modules\react-native-gesture-handler\lib'
npm warn tar TAR_ENTRY_ERROR ENOENT: no such file or directory, lstat 'd:\Escritorio\Noveno Cuatrimestre\Programacion movil\PM206\practica19\usuarioApi\usuarioApi\node_modules\react-native-gesture-handler\lib'
npm warn tar TAR_ENTRY_ERROR ENOENT: no such file or directory, lstat 'd:\Escritorio\Noveno Cuatrimestre\Programacion movil\PM206\practica19\usuarioApi\usuarioApi\node_modules\react-native-gesture-handler\lib'
npm warn tar TAR_ENTRY_ERROR ENOENT: no such file or directory, lstat 'd:\Escritorio\Noveno Cuatrimestre\Programacion movil\PM206\practica19\usuarioApi\usuarioApi\node_modules\react-native-gesture-handler\lib'
npm warn tar TAR_ENTRY_ERROR ENOENT: no such file or directory, lstat 'd:\Escritorio\Noveno Cuatrimestre\Programacion movil\PM206\practica19\usuarioApi\usuarioApi\node_modules\react-native-gesture-handler\lib'
npm warn tar TAR_ENTRY_ERROR ENOENT: no such file or directory, lstat 'd:\Escritorio\Noveno Cuatrimestre\Programacion movil\PM206\practica19\usuarioApi\usuarioApi\node_modules\react-native-gesture-handler\lib'
npm warn tar TAR_ENTRY_ERROR ENOENT: no such file or directory, lstat 'd:\Escritorio\Noveno Cuatrimestre\Programacion movil\PM206\practica19\usuarioApi\usuarioApi\node_modules\react-native-gesture-handler\lib'
npm warn tar TAR_ENTRY_ERROR ENOENT: no such file or directory, lstat 'd:\Escritorio\Noveno Cuatrimestre\Programacion movil\PM206\practica19\usuarioApi\usuarioApi\node_modules\react-native-gesture-handler\lib'
npm warn tar TAR_ENTRY_ERROR ENOENT: no such file or directory, lstat 'd:\Escritorio\Noveno Cuatrimestre\Programacion movil\PM206\practica19\usuarioApi\usuarioApi\node_modules\react-native-gesture-handler\lib'
npm warn tar TAR_ENTRY_ERROR ENOENT: no such file or directory, lstat 'd:\Escritorio\Noveno Cuatrimestre\Programacion movil\PM206\practica19\usuarioApi\usuarioApi\node_modules\react-native-gesture-handler\lib'
npm warn tar TAR_ENTRY_ERROR ENOENT: no such file or directory, lstat 'd:\Escritorio\Noveno Cuatrimestre\Programacion movil\PM206\practica19\usuarioApi\usuarioApi\node_modules\react-native-gesture-handler\lib'
npm warn tar TAR_ENTRY_ERROR ENOENT: no such file or directory, lstat 'd:\Escritorio\Noveno Cuatrimestre\Programacion movil\PM206\practica19\usuarioApi\usuarioApi\node_modules\react-native-gesture-handler\lib'
npm warn tar TAR_ENTRY_ERROR ENOENT: no such file or directory, lstat 'd:\Escritorio\Noveno Cuatrimestre\Programacion movil\PM206\practica19\usuarioApi\usuarioApi\node_modules\react-native-gesture-handler\lib'
npm warn tar TAR_ENTRY_ERROR ENOENT: no such file or directory, lstat 'd:\Escritorio\Noveno Cuatrimestre\Programacion movil\PM206\practica19\usuarioApi\usuarioApi\node_modules\react-native-gesture-handler\lib'
npm warn tar TAR_ENTRY_ERROR ENOENT: no such file or directory, lstat 'd:\Escritorio\Noveno Cuatrimestre\Programacion movil\PM206\practica19\usuarioApi\usuarioApi\node_modules\react-native-gesture-handler\lib'
npm warn tar TAR_ENTRY_ERROR ENOENT: no such file or directory, lstat 'd:\Escritorio\Noveno Cuatrimestre\Programacion movil\PM206\practica19\usuarioApi\usuarioApi\node_modules\react-native-gesture-handler\lib'
npm warn tar TAR_ENTRY_ERROR ENOENT: no such file or directory, lstat 'd:\Escritorio\Noveno Cuatrimestre\Programacion movil\PM206\practica19\usuarioApi\usuarioApi\node_modules\react-native-gesture-handler\lib'
npm warn tar TAR_ENTRY_ERROR ENOENT: no such file or directory, lstat 'd:\Escritorio\Noveno Cuatrimestre\Programacion movil\PM206\practica19\usuarioApi\usuarioApi\node_modules\react-native-gesture-handler\lib'
npm warn tar TAR_ENTRY_ERROR ENOENT: no such file or directory, lstat 'd:\Escritorio\Noveno Cuatrimestre\Programacion movil\PM206\practica19\usuarioApi\usuarioApi\node_modules\react-native-gesture-handler\lib'
npm warn tar TAR_ENTRY_ERROR ENOENT: no such file or directory, lstat 'd:\Escritorio\Noveno Cuatrimestre\Programacion movil\PM206\practica19\usuarioApi\usuarioApi\node_modules\react-native-gesture-handler\lib'
npm warn tar TAR_ENTRY_ERROR ENOENT: no such file or directory, lstat 'd:\Escritorio\Noveno Cuatrimestre\Programacion movil\PM206\practica19\usuarioApi\usuarioApi\node_modules\react-native-gesture-handler\lib'
npm warn tar TAR_ENTRY_ERROR ENOENT: no such file or directory, lstat 'd:\Escritorio\Noveno Cuatrimestre\Programacion movil\PM206\practica19\usuarioApi\usuarioApi\node_modules\react-native-gesture-handler\lib'
npm warn tar TAR_ENTRY_ERROR ENOENT: no such file or directory, lstat 'd:\Escritorio\Noveno Cuatrimestre\Programacion movil\PM206\practica19\usuarioApi\usuarioApi\node_modules\react-native-gesture-handler\lib'
npm warn tar TAR_ENTRY_ERROR ENOENT: no such file or directory, lstat 'd:\Escritorio\Noveno Cuatrimestre\Programacion movil\PM206\practica19\usuarioApi\usuarioApi\node_modules\react-native-gesture-handler\lib'
npm warn tar TAR_ENTRY_ERROR ENOENT: no such file or directory, lstat 'd:\Escritorio\Noveno Cuatrimestre\Programacion movil\PM206\practica19\usuarioApi\usuarioApi\node_modules\react-native-gesture-handler\lib'
npm warn tar TAR_ENTRY_ERROR ENOENT: no such file or directory, lstat 'd:\Escritorio\Noveno Cuatrimestre\Programacion movil\PM206\practica19\usuarioApi\usuarioApi\node_modules\react-native-gesture-handler\lib'
npm warn tar TAR_ENTRY_ERROR ENOENT: no such file or directory, lstat 'd:\Escritorio\Noveno Cuatrimestre\Programacion movil\PM206\practica19\usuarioApi\usuarioApi\node_modules\react-native-gesture-handler\lib'
npm warn tar TAR_ENTRY_ERROR ENOENT: no such file or directory, lstat 'd:\Escritorio\Noveno Cuatrimestre\Programacion movil\PM206\practica19\usuarioApi\usuarioApi\node_modules\react-native-gesture-handler\lib'
npm warn tar TAR_ENTRY_ERROR ENOENT: no such file or directory, lstat 'd:\Escritorio\Noveno Cuatrimestre\Programacion movil\PM206\practica19\usuarioApi\usuarioApi\node_modules\react-native-gesture-handler\lib'
npm warn tar TAR_ENTRY_ERROR ENOENT: no such file or directory, lstat 'd:\Escritorio\Noveno Cuatrimestre\Programacion movil\PM206\practica19\usuarioApi\usuarioApi\node_modules\react-native-gesture-handler\lib'
npm warn tar TAR_ENTRY_ERROR ENOENT: no such file or directory, lstat 'd:\Escritorio\Noveno Cuatrimestre\Programacion movil\PM206\practica19\usuarioApi\usuarioApi\node_modules\react-native-gesture-handler\lib'
npm warn tar TAR_ENTRY_ERROR ENOENT: no such file or directory, lstat 'd:\Escritorio\Noveno Cuatrimestre\Programacion movil\PM206\practica19\usuarioApi\usuarioApi\node_modules\react-native-gesture-handler\lib'
npm warn tar TAR_ENTRY_ERROR ENOENT: no such file or directory, lstat 'd:\Escritorio\Noveno Cuatrimestre\Programacion movil\PM206\practica19\usuarioApi\usuarioApi\node_modules\react-native-gesture-handler\lib'
npm warn tar TAR_ENTRY_ERROR ENOENT: no such file or directory, lstat 'd:\Escritorio\Noveno Cuatrimestre\Programacion movil\PM206\practica19\usuarioApi\usuarioApi\node_modules\react-native-gesture-handler\lib'
npm warn tar TAR_ENTRY_ERROR ENOENT: no such file or directory, lstat 'd:\Escritorio\Noveno Cuatrimestre\Programacion movil\PM206\practica19\usuarioApi\usuarioApi\node_modules\react-native-gesture-handler\lib'
npm warn tar TAR_ENTRY_ERROR ENOENT: no such file or directory, lstat 'd:\Escritorio\Noveno Cuatrimestre\Programacion movil\PM206\practica19\usuarioApi\usuarioApi\node_modules\react-native-gesture-handler\lib'
npm warn tar TAR_ENTRY_ERROR ENOENT: no such file or directory, lstat 'd:\Escritorio\Noveno Cuatrimestre\Programacion movil\PM206\practica19\usuarioApi\usuarioApi\node_modules\react-native-gesture-handler\lib'
npm warn tar TAR_ENTRY_ERROR ENOENT: no such file or directory, lstat 'd:\Escritorio\Noveno Cuatrimestre\Programacion movil\PM206\practica19\usuarioApi\usuarioApi\node_modules\react-native-gesture-handler\lib'
npm warn tar TAR_ENTRY_ERROR ENOENT: no such file or directory, lstat 'd:\Escritorio\Noveno Cuatrimestre\Programacion movil\PM206\practica19\usuarioApi\usuarioApi\node_modules\react-native-gesture-handler\lib'
npm warn tar TAR_ENTRY_ERROR ENOENT: no such file or directory, lstat 'd:\Escritorio\Noveno Cuatrimestre\Programacion movil\PM206\practica19\usuarioApi\usuarioApi\node_modules\react-native-gesture-handler\lib'
npm warn tar TAR_ENTRY_ERROR ENOENT: no such file or directory, lstat 'd:\Escritorio\Noveno Cuatrimestre\Programacion movil\PM206\practica19\usuarioApi\usuarioApi\node_modules\react-native-gesture-handler\lib'
npm warn tar TAR_ENTRY_ERROR ENOENT: no such file or directory, lstat 'd:\Escritorio\Noveno Cuatrimestre\Programacion movil\PM206\practica19\usuarioApi\usuarioApi\node_modules\react-native-gesture-handler\lib'
npm warn tar TAR_ENTRY_ERROR ENOENT: no such file or directory, lstat 'd:\Escritorio\Noveno Cuatrimestre\Programacion movil\PM206\practica19\usuarioApi\usuarioApi\node_modules\react-native-gesture-handler\lib'
npm warn tar TAR_ENTRY_ERROR ENOENT: no such file or directory, lstat 'd:\Escritorio\Noveno Cuatrimestre\Programacion movil\PM206\practica19\usuarioApi\usuarioApi\node_modules\react-native-gesture-handler\lib'
npm warn tar TAR_ENTRY_ERROR ENOENT: no such file or directory, lstat 'd:\Escritorio\Noveno Cuatrimestre\Programacion movil\PM206\practica19\usuarioApi\usuarioApi\node_modules\react-native-gesture-handler\lib'
npm warn tar TAR_ENTRY_ERROR ENOENT: no such file or directory, lstat 'd:\Escritorio\Noveno Cuatrimestre\Programacion movil\PM206\practica19\usuarioApi\usuarioApi\node_modules\react-native-gesture-handler\lib'
npm warn tar TAR_ENTRY_ERROR ENOENT: no such file or directory, lstat 'd:\Escritorio\Noveno Cuatrimestre\Programacion movil\PM206\practica19\usuarioApi\usuarioApi\node_modules\react-native-gesture-handler\lib'
npm warn tar TAR_ENTRY_ERROR ENOENT: no such file or directory, lstat 'd:\Escritorio\Noveno Cuatrimestre\Programacion movil\PM206\practica19\usuarioApi\usuarioApi\node_modules\react-native-gesture-handler\lib'
npm warn tar TAR_ENTRY_ERROR ENOENT: no such file or directory, lstat 'd:\Escritorio\Noveno Cuatrimestre\Programacion movil\PM206\practica19\usuarioApi\usuarioApi\node_modules\react-native-gesture-handler\lib'
npm warn tar TAR_ENTRY_ERROR ENOENT: no such file or directory, lstat 'd:\Escritorio\Noveno Cuatrimestre\Programacion movil\PM206\practica19\usuarioApi\usuarioApi\node_modules\react-native-gesture-handler\lib'
npm warn tar TAR_ENTRY_ERROR ENOENT: no such file or directory, lstat 'd:\Escritorio\Noveno Cuatrimestre\Programacion movil\PM206\practica19\usuarioApi\usuarioApi\node_modules\react-native-gesture-handler\lib'
npm warn tar TAR_ENTRY_ERROR ENOENT: no such file or directory, lstat 'd:\Escritorio\Noveno Cuatrimestre\Programacion movil\PM206\practica19\usuarioApi\usuarioApi\node_modules\react-native-gesture-handler\lib'
npm warn tar TAR_ENTRY_ERROR ENOENT: no such file or directory, lstat 'd:\Escritorio\Noveno Cuatrimestre\Programacion movil\PM206\practica19\usuarioApi\usuarioApi\node_modules\react-native-gesture-handler\lib'
npm warn tar TAR_ENTRY_ERROR ENOENT: no such file or directory, lstat 'd:\Escritorio\Noveno Cuatrimestre\Programacion movil\PM206\practica19\usuarioApi\usuarioApi\node_modules\react-native-gesture-handler\lib'
npm warn tar TAR_ENTRY_ERROR ENOENT: no such file or directory, open 'd:\Escritorio\Noveno Cuatrimestre\Programacion movil\PM206\practica19\usuarioApi\usuarioApi\node_modules\react-native-gesture-handler\README.md'
npm warn tar TAR_ENTRY_ERROR ENOENT: no such file or directory, lstat 'd:\Escritorio\Noveno Cuatrimestre\Programacion movil\PM206\practica19\usuarioApi\usuarioApi\node_modules\react-native-gesture-handler\apple'
npm warn tar TAR_ENTRY_ERROR ENOENT: no such file or directory, lstat 'd:\Escritorio\Noveno Cuatrimestre\Programacion movil\PM206\practica19\usuarioApi\usuarioApi\node_modules\react-native-gesture-handler\apple'
npm warn tar TAR_ENTRY_ERROR ENOENT: no such file or directory, lstat 'd:\Escritorio\Noveno Cuatrimestre\Programacion movil\PM206\practica19\usuarioApi\usuarioApi\node_modules\react-native-gesture-handler\apple'
npm warn tar TAR_ENTRY_ERROR ENOENT: no such file or directory, lstat 'd:\Escritorio\Noveno Cuatrimestre\Programacion movil\PM206\practica19\usuarioApi\usuarioApi\node_modules\react-native-gesture-handler\apple'
npm warn tar TAR_ENTRY_ERROR ENOENT: no such file or directory, lstat 'd:\Escritorio\Noveno Cuatrimestre\Programacion movil\PM206\practica19\usuarioApi\usuarioApi\node_modules\react-native-gesture-handler\apple'
npm warn tar TAR_ENTRY_ERROR ENOENT: no such file or directory, lstat 'd:\Escritorio\Noveno Cuatrimestre\Programacion movil\PM206\practica19\usuarioApi\usuarioApi\node_modules\react-native-gesture-handler\apple'
npm warn tar TAR_ENTRY_ERROR ENOENT: no such file or directory, lstat 'd:\Escritorio\Noveno Cuatrimestre\Programacion movil\PM206\practica19\usuarioApi\usuarioApi\node_modules\react-native-gesture-handler\apple'
npm warn tar TAR_ENTRY_ERROR ENOENT: no such file or directory, lstat 'd:\Escritorio\Noveno Cuatrimestre\Programacion movil\PM206\practica19\usuarioApi\usuarioApi\node_modules\react-native-gesture-handler\apple'
npm warn tar TAR_ENTRY_ERROR ENOENT: no such file or directory, lstat 'd:\Escritorio\Noveno Cuatrimestre\Programacion movil\PM206\practica19\usuarioApi\usuarioApi\node_modules\react-native-gesture-handler\apple'
npm warn tar TAR_ENTRY_ERROR ENOENT: no such file or directory, lstat 'd:\Escritorio\Noveno Cuatrimestre\Programacion movil\PM206\practica19\usuarioApi\usuarioApi\node_modules\react-native-gesture-handler\apple'
npm warn tar TAR_ENTRY_ERROR ENOENT: no such file or directory, open 'd:\Escritorio\Noveno Cuatrimestre\Programacion movil\PM206\practica19\usuarioApi\usuarioApi\node_modules\react-native-gesture-handler\RNGestureHandler.podspec'
npm warn tar TAR_ENTRY_ERROR ENOENT: no such file or directory, lstat 'd:\Escritorio\Noveno Cuatrimestre\Programacion movil\PM206\practica19\usuarioApi\usuarioApi\node_modules\react-native-gesture-handler\android'
npm warn tar TAR_ENTRY_ERROR ENOENT: no such file or directory, lstat 'd:\Escritorio\Noveno Cuatrimestre\Programacion movil\PM206\practica19\usuarioApi\usuarioApi\node_modules\react-native-gesture-handler\scripts'
npm warn tar TAR_ENTRY_ERROR ENOENT: no such file or directory, lstat 'd:\Escritorio\Noveno Cuatrimestre\Programacion movil\PM206\practica19\usuarioApi\usuarioApi\node_modules\react-native-gesture-handler\lib'
npm warn tar TAR_ENTRY_ERROR ENOENT: no such file or directory, lstat 'd:\Escritorio\Noveno Cuatrimestre\Programacion movil\PM206\practica19\usuarioApi\usuarioApi\node_modules\react-native-gesture-handler\src'
npm warn tar TAR_ENTRY_ERROR ENOENT: no such file or directory, lstat 'd:\Escritorio\Noveno Cuatrimestre\Programacion movil\PM206\practica19\usuarioApi\usuarioApi\node_modules\react-native-gesture-handler\lib'
npm warn tar TAR_ENTRY_ERROR ENOENT: no such file or directory, lstat 'd:\Escritorio\Noveno Cuatrimestre\Programacion movil\PM206\practica19\usuarioApi\usuarioApi\node_modules\react-native-gesture-handler\src'
npm warn tar TAR_ENTRY_ERROR ENOENT: no such file or directory, lstat 'd:\Escritorio\Noveno Cuatrimestre\Programacion movil\PM206\practica19\usuarioApi\usuarioApi\node_modules\react-native-gesture-handler\lib'
npm warn tar TAR_ENTRY_ERROR ENOENT: no such file or directory, lstat 'd:\Escritorio\Noveno Cuatrimestre\Programacion movil\PM206\practica19\usuarioApi\usuarioApi\node_modules\react-native-gesture-handler\src'
npm warn tar TAR_ENTRY_ERROR ENOENT: no such file or directory, lstat 'd:\Escritorio\Noveno Cuatrimestre\Programacion movil\PM206\practica19\usuarioApi\usuarioApi\node_modules\react-native-gesture-handler\lib'
npm warn tar TAR_ENTRY_ERROR ENOENT: no such file or directory, lstat 'd:\Escritorio\Noveno Cuatrimestre\Programacion movil\PM206\practica19\usuarioApi\usuarioApi\node_modules\react-native-gesture-handler\lib'
npm warn tar TAR_ENTRY_ERROR ENOENT: no such file or directory, lstat 'd:\Escritorio\Noveno Cuatrimestre\Programacion movil\PM206\practica19\usuarioApi\usuarioApi\node_modules\react-native-gesture-handler\src'
npm warn tar TAR_ENTRY_ERROR ENOENT: no such file or directory, lstat 'd:\Escritorio\Noveno Cuatrimestre\Programacion movil\PM206\practica19\usuarioApi\usuarioApi\node_modules\react-native-gesture-handler\src'
npm warn tar TAR_ENTRY_ERROR ENOENT: no such file or directory, lstat 'd:\Escritorio\Noveno Cuatrimestre\Programacion movil\PM206\practica19\usuarioApi\usuarioApi\node_modules\react-native-gesture-handler\lib'
npm warn tar TAR_ENTRY_ERROR ENOENT: no such file or directory, lstat 'd:\Escritorio\Noveno Cuatrimestre\Programacion movil\PM206\practica19\usuarioApi\usuarioApi\node_modules\react-native-gesture-handler\lib'
npm warn tar TAR_ENTRY_ERROR ENOENT: no such file or directory, lstat 'd:\Escritorio\Noveno Cuatrimestre\Programacion movil\PM206\practica19\usuarioApi\usuarioApi\node_modules\react-native-gesture-handler\lib'
npm warn tar TAR_ENTRY_ERROR ENOENT: no such file or directory, lstat 'd:\Escritorio\Noveno Cuatrimestre\Programacion movil\PM206\practica19\usuarioApi\usuarioApi\node_modules\react-native-gesture-handler\src'
npm warn tar TAR_ENTRY_ERROR ENOENT: no such file or directory, lstat 'd:\Escritorio\Noveno Cuatrimestre\Programacion movil\PM206\practica19\usuarioApi\usuarioApi\node_modules\react-native-gesture-handler\lib'
npm warn tar TAR_ENTRY_ERROR ENOENT: no such file or directory, lstat 'd:\Escritorio\Noveno Cuatrimestre\Programacion movil\PM206\practica19\usuarioApi\usuarioApi\node_modules\react-native-gesture-handler\src'
npm warn tar TAR_ENTRY_ERROR ENOENT: no such file or directory, lstat 'd:\Escritorio\Noveno Cuatrimestre\Programacion movil\PM206\practica19\usuarioApi\usuarioApi\node_modules\react-native-gesture-handler\lib'
npm warn tar TAR_ENTRY_ERROR ENOENT: no such file or directory, lstat 'd:\Escritorio\Noveno Cuatrimestre\Programacion movil\PM206\practica19\usuarioApi\usuarioApi\node_modules\react-native-gesture-handler\src'
npm warn tar TAR_ENTRY_ERROR ENOENT: no such file or directory, lstat 'd:\Escritorio\Noveno Cuatrimestre\Programacion movil\PM206\practica19\usuarioApi\usuarioApi\node_modules\react-native-gesture-handler\lib'
npm warn tar TAR_ENTRY_ERROR ENOENT: no such file or directory, lstat 'd:\Escritorio\Noveno Cuatrimestre\Programacion movil\PM206\practica19\usuarioApi\usuarioApi\node_modules\react-native-gesture-handler\src'
npm warn tar TAR_ENTRY_ERROR ENOENT: no such file or directory, lstat 'd:\Escritorio\Noveno Cuatrimestre\Programacion movil\PM206\practica19\usuarioApi\usuarioApi\node_modules\react-native-gesture-handler\lib'
npm warn tar TAR_ENTRY_ERROR ENOENT: no such file or directory, lstat 'd:\Escritorio\Noveno Cuatrimestre\Programacion movil\PM206\practica19\usuarioApi\usuarioApi\node_modules\react-native-gesture-handler\src'
npm warn tar TAR_ENTRY_ERROR ENOENT: no such file or directory, lstat 'd:\Escritorio\Noveno Cuatrimestre\Programacion movil\PM206\practica19\usuarioApi\usuarioApi\node_modules\react-native-gesture-handler\lib'
npm warn tar TAR_ENTRY_ERROR ENOENT: no such file or directory, lstat 'd:\Escritorio\Noveno Cuatrimestre\Programacion movil\PM206\practica19\usuarioApi\usuarioApi\node_modules\react-native-gesture-handler\lib'
npm warn tar TAR_ENTRY_ERROR ENOENT: no such file or directory, lstat 'd:\Escritorio\Noveno Cuatrimestre\Programacion movil\PM206\practica19\usuarioApi\usuarioApi\node_modules\react-native-gesture-handler\src'
npm warn tar TAR_ENTRY_ERROR ENOENT: no such file or directory, lstat 'd:\Escritorio\Noveno Cuatrimestre\Programacion movil\PM206\practica19\usuarioApi\usuarioApi\node_modules\react-native-gesture-handler\lib'
npm warn tar TAR_ENTRY_ERROR ENOENT: no such file or directory, lstat 'd:\Escritorio\Noveno Cuatrimestre\Programacion movil\PM206\practica19\usuarioApi\usuarioApi\node_modules\react-native-gesture-handler\src'
npm warn tar TAR_ENTRY_ERROR ENOENT: no such file or directory, lstat 'd:\Escritorio\Noveno Cuatrimestre\Programacion movil\PM206\practica19\usuarioApi\usuarioApi\node_modules\react-native-gesture-handler\lib'
npm warn tar TAR_ENTRY_ERROR ENOENT: no such file or directory, lstat 'd:\Escritorio\Noveno Cuatrimestre\Programacion movil\PM206\practica19\usuarioApi\usuarioApi\node_modules\react-native-gesture-handler\src'
npm warn tar TAR_ENTRY_ERROR ENOENT: no such file or directory, lstat 'd:\Escritorio\Noveno Cuatrimestre\Programacion movil\PM206\practica19\usuarioApi\usuarioApi\node_modules\react-native-gesture-handler\lib'
npm warn tar TAR_ENTRY_ERROR ENOENT: no such file or directory, lstat 'd:\Escritorio\Noveno Cuatrimestre\Programacion movil\PM206\practica19\usuarioApi\usuarioApi\node_modules\react-native-gesture-handler\src'
npm warn tar TAR_ENTRY_ERROR ENOENT: no such file or directory, lstat 'd:\Escritorio\Noveno Cuatrimestre\Programacion movil\PM206\practica19\usuarioApi\usuarioApi\node_modules\react-native-gesture-handler\lib'
npm warn tar TAR_ENTRY_ERROR ENOENT: no such file or directory, lstat 'd:\Escritorio\Noveno Cuatrimestre\Programacion movil\PM206\practica19\usuarioApi\usuarioApi\node_modules\react-native-gesture-handler\src'
npm warn tar TAR_ENTRY_ERROR ENOENT: no such file or directory, lstat 'd:\Escritorio\Noveno Cuatrimestre\Programacion movil\PM206\practica19\usuarioApi\usuarioApi\node_modules\react-native-gesture-handler\lib'
npm warn tar TAR_ENTRY_ERROR ENOENT: no such file or directory, lstat 'd:\Escritorio\Noveno Cuatrimestre\Programacion movil\PM206\practica19\usuarioApi\usuarioApi\node_modules\react-native-gesture-handler\src'
npm warn tar TAR_ENTRY_ERROR ENOENT: no such file or directory, lstat 'd:\Escritorio\Noveno Cuatrimestre\Programacion movil\PM206\practica19\usuarioApi\usuarioApi\node_modules\react-native-gesture-handler\lib'
npm warn tar TAR_ENTRY_ERROR ENOENT: no such file or directory, lstat 'd:\Escritorio\Noveno Cuatrimestre\Programacion movil\PM206\practica19\usuarioApi\usuarioApi\node_modules\react-native-gesture-handler\src'
npm warn tar TAR_ENTRY_ERROR ENOENT: no such file or directory, lstat 'd:\Escritorio\Noveno Cuatrimestre\Programacion movil\PM206\practica19\usuarioApi\usuarioApi\node_modules\react-native-gesture-handler\lib'
npm warn tar TAR_ENTRY_ERROR ENOENT: no such file or directory, lstat 'd:\Escritorio\Noveno Cuatrimestre\Programacion movil\PM206\practica19\usuarioApi\usuarioApi\node_modules\react-native-gesture-handler\src'
npm warn tar TAR_ENTRY_ERROR ENOENT: no such file or directory, lstat 'd:\Escritorio\Noveno Cuatrimestre\Programacion movil\PM206\practica19\usuarioApi\usuarioApi\node_modules\react-native-gesture-handler\lib'
npm warn tar TAR_ENTRY_ERROR ENOENT: no such file or directory, lstat 'd:\Escritorio\Noveno Cuatrimestre\Programacion movil\PM206\practica19\usuarioApi\usuarioApi\node_modules\react-native-gesture-handler\src'
npm warn tar TAR_ENTRY_ERROR ENOENT: no such file or directory, lstat 'd:\Escritorio\Noveno Cuatrimestre\Programacion movil\PM206\practica19\usuarioApi\usuarioApi\node_modules\react-native-gesture-handler\lib'
npm warn tar TAR_ENTRY_ERROR ENOENT: no such file or directory, lstat 'd:\Escritorio\Noveno Cuatrimestre\Programacion movil\PM206\practica19\usuarioApi\usuarioApi\node_modules\react-native-gesture-handler\lib'
npm warn tar TAR_ENTRY_ERROR ENOENT: no such file or directory, lstat 'd:\Escritorio\Noveno Cuatrimestre\Programacion movil\PM206\practica19\usuarioApi\usuarioApi\node_modules\react-native-gesture-handler\lib'
npm warn tar TAR_ENTRY_ERROR ENOENT: no such file or directory, lstat 'd:\Escritorio\Noveno Cuatrimestre\Programacion movil\PM206\practica19\usuarioApi\usuarioApi\node_modules\react-native-gesture-handler\src'
npm warn tar TAR_ENTRY_ERROR ENOENT: no such file or directory, lstat 'd:\Escritorio\Noveno Cuatrimestre\Programacion movil\PM206\practica19\usuarioApi\usuarioApi\node_modules\react-native-gesture-handler\src'
npm warn tar TAR_ENTRY_ERROR ENOENT: no such file or directory, lstat 'd:\Escritorio\Noveno Cuatrimestre\Programacion movil\PM206\practica19\usuarioApi\usuarioApi\node_modules\react-native-gesture-handler\src'
npm warn tar TAR_ENTRY_ERROR ENOENT: no such file or directory, lstat 'd:\Escritorio\Noveno Cuatrimestre\Programacion movil\PM206\practica19\usuarioApi\usuarioApi\node_modules\react-native-gesture-handler\lib'
npm warn tar TAR_ENTRY_ERROR ENOENT: no such file or directory, lstat 'd:\Escritorio\Noveno Cuatrimestre\Programacion movil\PM206\practica19\usuarioApi\usuarioApi\node_modules\react-native-gesture-handler\src'
npm warn tar TAR_ENTRY_ERROR ENOENT: no such file or directory, lstat 'd:\Escritorio\Noveno Cuatrimestre\Programacion movil\PM206\practica19\usuarioApi\usuarioApi\node_modules\react-native-gesture-handler\lib'
npm warn tar TAR_ENTRY_ERROR ENOENT: no such file or directory, lstat 'd:\Escritorio\Noveno Cuatrimestre\Programacion movil\PM206\practica19\usuarioApi\usuarioApi\node_modules\react-native-gesture-handler\src'
npm warn tar TAR_ENTRY_ERROR ENOENT: no such file or directory, lstat 'd:\Escritorio\Noveno Cuatrimestre\Programacion movil\PM206\practica19\usuarioApi\usuarioApi\node_modules\react-native-gesture-handler\lib'
npm warn tar TAR_ENTRY_ERROR ENOENT: no such file or directory, lstat 'd:\Escritorio\Noveno Cuatrimestre\Programacion movil\PM206\practica19\usuarioApi\usuarioApi\node_modules\react-native-gesture-handler\lib'
npm warn tar TAR_ENTRY_ERROR ENOENT: no such file or directory, lstat 'd:\Escritorio\Noveno Cuatrimestre\Programacion movil\PM206\practica19\usuarioApi\usuarioApi\node_modules\react-native-gesture-handler\src'
npm warn tar TAR_ENTRY_ERROR ENOENT: no such file or directory, lstat 'd:\Escritorio\Noveno Cuatrimestre\Programacion movil\PM206\practica19\usuarioApi\usuarioApi\node_modules\react-native-gesture-handler\lib'
npm warn tar TAR_ENTRY_ERROR ENOENT: no such file or directory, lstat 'd:\Escritorio\Noveno Cuatrimestre\Programacion movil\PM206\practica19\usuarioApi\usuarioApi\node_modules\react-native-gesture-handler\src'
npm warn tar TAR_ENTRY_ERROR ENOENT: no such file or directory, lstat 'd:\Escritorio\Noveno Cuatrimestre\Programacion movil\PM206\practica19\usuarioApi\usuarioApi\node_modules\react-native-gesture-handler\lib'
npm warn tar TAR_ENTRY_ERROR ENOENT: no such file or directory, lstat 'd:\Escritorio\Noveno Cuatrimestre\Programacion movil\PM206\practica19\usuarioApi\usuarioApi\node_modules\react-native-gesture-handler\lib'
npm warn tar TAR_ENTRY_ERROR ENOENT: no such file or directory, lstat 'd:\Escritorio\Noveno Cuatrimestre\Programacion movil\PM206\practica19\usuarioApi\usuarioApi\node_modules\react-native-gesture-handler\src'
npm warn tar TAR_ENTRY_ERROR ENOENT: no such file or directory, lstat 'd:\Escritorio\Noveno Cuatrimestre\Programacion movil\PM206\practica19\usuarioApi\usuarioApi\node_modules\react-native-gesture-handler\lib'
npm warn tar TAR_ENTRY_ERROR ENOENT: no such file or directory, lstat 'd:\Escritorio\Noveno Cuatrimestre\Programacion movil\PM206\practica19\usuarioApi\usuarioApi\node_modules\react-native-gesture-handler\lib'
npm warn tar TAR_ENTRY_ERROR ENOENT: no such file or directory, lstat 'd:\Escritorio\Noveno Cuatrimestre\Programacion movil\PM206\practica19\usuarioApi\usuarioApi\node_modules\react-native-gesture-handler\lib'
npm warn tar TAR_ENTRY_ERROR ENOENT: no such file or directory, lstat 'd:\Escritorio\Noveno Cuatrimestre\Programacion movil\PM206\practica19\usuarioApi\usuarioApi\node_modules\react-native-gesture-handler\src'
npm warn tar TAR_ENTRY_ERROR ENOENT: no such file or directory, lstat 'd:\Escritorio\Noveno Cuatrimestre\Programacion movil\PM206\practica19\usuarioApi\usuarioApi\node_modules\react-native-gesture-handler\lib'
npm warn tar TAR_ENTRY_ERROR ENOENT: no such file or directory, lstat 'd:\Escritorio\Noveno Cuatrimestre\Programacion movil\PM206\practica19\usuarioApi\usuarioApi\node_modules\react-native-gesture-handler\lib'
npm warn tar TAR_ENTRY_ERROR ENOENT: no such file or directory, lstat 'd:\Escritorio\Noveno Cuatrimestre\Programacion movil\PM206\practica19\usuarioApi\usuarioApi\node_modules\react-native-gesture-handler\src'
npm warn tar TAR_ENTRY_ERROR ENOENT: no such file or directory, lstat 'd:\Escritorio\Noveno Cuatrimestre\Programacion movil\PM206\practica19\usuarioApi\usuarioApi\node_modules\react-native-gesture-handler\src'
npm warn tar TAR_ENTRY_ERROR ENOENT: no such file or directory, lstat 'd:\Escritorio\Noveno Cuatrimestre\Programacion movil\PM206\practica19\usuarioApi\usuarioApi\node_modules\react-native-gesture-handler\lib'
npm warn tar TAR_ENTRY_ERROR ENOENT: no such file or directory, lstat 'd:\Escritorio\Noveno Cuatrimestre\Programacion movil\PM206\practica19\usuarioApi\usuarioApi\node_modules\react-native-gesture-handler\lib'
npm warn tar TAR_ENTRY_ERROR ENOENT: no such file or directory, lstat 'd:\Escritorio\Noveno Cuatrimestre\Programacion movil\PM206\practica19\usuarioApi\usuarioApi\node_modules\react-native-gesture-handler\lib'
npm warn tar TAR_ENTRY_ERROR ENOENT: no such file or directory, lstat 'd:\Escritorio\Noveno Cuatrimestre\Programacion movil\PM206\practica19\usuarioApi\usuarioApi\node_modules\react-native-gesture-handler\src'
npm warn tar TAR_ENTRY_ERROR ENOENT: no such file or directory, lstat 'd:\Escritorio\Noveno Cuatrimestre\Programacion movil\PM206\practica19\usuarioApi\usuarioApi\node_modules\react-native-gesture-handler\lib'
npm warn tar TAR_ENTRY_ERROR ENOENT: no such file or directory, lstat 'd:\Escritorio\Noveno Cuatrimestre\Programacion movil\PM206\practica19\usuarioApi\usuarioApi\node_modules\react-native-gesture-handler\src'
npm warn tar TAR_ENTRY_ERROR ENOENT: no such file or directory, lstat 'd:\Escritorio\Noveno Cuatrimestre\Programacion movil\PM206\practica19\usuarioApi\usuarioApi\node_modules\react-native-gesture-handler\lib'
npm warn tar TAR_ENTRY_ERROR ENOENT: no such file or directory, lstat 'd:\Escritorio\Noveno Cuatrimestre\Programacion movil\PM206\practica19\usuarioApi\usuarioApi\node_modules\react-native-gesture-handler\src'
npm warn tar TAR_ENTRY_ERROR ENOENT: no such file or directory, lstat 'd:\Escritorio\Noveno Cuatrimestre\Programacion movil\PM206\practica19\usuarioApi\usuarioApi\node_modules\react-native-gesture-handler\lib'
npm warn tar TAR_ENTRY_ERROR ENOENT: no such file or directory, lstat 'd:\Escritorio\Noveno Cuatrimestre\Programacion movil\PM206\practica19\usuarioApi\usuarioApi\node_modules\react-native-gesture-handler\src'
npm warn tar TAR_ENTRY_ERROR ENOENT: no such file or directory, lstat 'd:\Escritorio\Noveno Cuatrimestre\Programacion movil\PM206\practica19\usuarioApi\usuarioApi\node_modules\react-native-gesture-handler\lib'
npm warn tar TAR_ENTRY_ERROR ENOENT: no such file or directory, lstat 'd:\Escritorio\Noveno Cuatrimestre\Programacion movil\PM206\practica19\usuarioApi\usuarioApi\node_modules\react-native-gesture-handler\lib'
npm warn tar TAR_ENTRY_ERROR ENOENT: no such file or directory, lstat 'd:\Escritorio\Noveno Cuatrimestre\Programacion movil\PM206\practica19\usuarioApi\usuarioApi\node_modules\react-native-gesture-handler\lib'
npm warn tar TAR_ENTRY_ERROR ENOENT: no such file or directory, lstat 'd:\Escritorio\Noveno Cuatrimestre\Programacion movil\PM206\practica19\usuarioApi\usuarioApi\node_modules\react-native-gesture-handler\lib'
npm warn tar TAR_ENTRY_ERROR ENOENT: no such file or directory, lstat 'd:\Escritorio\Noveno Cuatrimestre\Programacion movil\PM206\practica19\usuarioApi\usuarioApi\node_modules\react-native-gesture-handler\lib'
npm warn tar TAR_ENTRY_ERROR ENOENT: no such file or directory, lstat 'd:\Escritorio\Noveno Cuatrimestre\Programacion movil\PM206\practica19\usuarioApi\usuarioApi\node_modules\react-native-gesture-handler\src'
npm warn tar TAR_ENTRY_ERROR ENOENT: no such file or directory, lstat 'd:\Escritorio\Noveno Cuatrimestre\Programacion movil\PM206\practica19\usuarioApi\usuarioApi\node_modules\react-native-gesture-handler\lib'
npm warn tar TAR_ENTRY_ERROR ENOENT: no such file or directory, lstat 'd:\Escritorio\Noveno Cuatrimestre\Programacion movil\PM206\practica19\usuarioApi\usuarioApi\node_modules\react-native-gesture-handler\src'
npm warn tar TAR_ENTRY_ERROR ENOENT: no such file or directory, lstat 'd:\Escritorio\Noveno Cuatrimestre\Programacion movil\PM206\practica19\usuarioApi\usuarioApi\node_modules\react-native-gesture-handler\lib'
npm warn tar TAR_ENTRY_ERROR ENOENT: no such file or directory, lstat 'd:\Escritorio\Noveno Cuatrimestre\Programacion movil\PM206\practica19\usuarioApi\usuarioApi\node_modules\react-native-gesture-handler\src'
npm warn tar TAR_ENTRY_ERROR ENOENT: no such file or directory, lstat 'd:\Escritorio\Noveno Cuatrimestre\Programacion movil\PM206\practica19\usuarioApi\usuarioApi\node_modules\react-native-gesture-handler\lib'
npm warn tar TAR_ENTRY_ERROR ENOENT: no such file or directory, lstat 'd:\Escritorio\Noveno Cuatrimestre\Programacion movil\PM206\practica19\usuarioApi\usuarioApi\node_modules\react-native-gesture-handler\src'
npm warn tar TAR_ENTRY_ERROR ENOENT: no such file or directory, lstat 'd:\Escritorio\Noveno Cuatrimestre\Programacion movil\PM206\practica19\usuarioApi\usuarioApi\node_modules\react-native-gesture-handler\lib'
npm warn tar TAR_ENTRY_ERROR ENOENT: no such file or directory, lstat 'd:\Escritorio\Noveno Cuatrimestre\Programacion movil\PM206\practica19\usuarioApi\usuarioApi\node_modules\react-native-gesture-handler\src'
npm warn tar TAR_ENTRY_ERROR ENOENT: no such file or directory, lstat 'd:\Escritorio\Noveno Cuatrimestre\Programacion movil\PM206\practica19\usuarioApi\usuarioApi\node_modules\react-native-gesture-handler\lib'
npm warn tar TAR_ENTRY_ERROR ENOENT: no such file or directory, lstat 'd:\Escritorio\Noveno Cuatrimestre\Programacion movil\PM206\practica19\usuarioApi\usuarioApi\node_modules\react-native-gesture-handler\src'
npm warn tar TAR_ENTRY_ERROR ENOENT: no such file or directory, lstat 'd:\Escritorio\Noveno Cuatrimestre\Programacion movil\PM206\practica19\usuarioApi\usuarioApi\node_modules\react-native-gesture-handler\lib'
npm warn tar TAR_ENTRY_ERROR ENOENT: no such file or directory, lstat 'd:\Escritorio\Noveno Cuatrimestre\Programacion movil\PM206\practica19\usuarioApi\usuarioApi\node_modules\react-native-gesture-handler\src'
npm warn tar TAR_ENTRY_ERROR ENOENT: no such file or directory, lstat 'd:\Escritorio\Noveno Cuatrimestre\Programacion movil\PM206\practica19\usuarioApi\usuarioApi\node_modules\react-native-gesture-handler\lib'
npm warn tar TAR_ENTRY_ERROR ENOENT: no such file or directory, lstat 'd:\Escritorio\Noveno Cuatrimestre\Programacion movil\PM206\practica19\usuarioApi\usuarioApi\node_modules\react-native-gesture-handler\src'
npm warn tar TAR_ENTRY_ERROR ENOENT: no such file or directory, lstat 'd:\Escritorio\Noveno Cuatrimestre\Programacion movil\PM206\practica19\usuarioApi\usuarioApi\node_modules\react-native-gesture-handler\lib'
npm warn tar TAR_ENTRY_ERROR ENOENT: no such file or directory, lstat 'd:\Escritorio\Noveno Cuatrimestre\Programacion movil\PM206\practica19\usuarioApi\usuarioApi\node_modules\react-native-gesture-handler\src'
npm warn tar TAR_ENTRY_ERROR ENOENT: no such file or directory, lstat 'd:\Escritorio\Noveno Cuatrimestre\Programacion movil\PM206\practica19\usuarioApi\usuarioApi\node_modules\react-native-gesture-handler\lib'
npm warn tar TAR_ENTRY_ERROR ENOENT: no such file or directory, lstat 'd:\Escritorio\Noveno Cuatrimestre\Programacion movil\PM206\practica19\usuarioApi\usuarioApi\node_modules\react-native-gesture-handler\src'
npm warn tar TAR_ENTRY_ERROR ENOENT: no such file or directory, lstat 'd:\Escritorio\Noveno Cuatrimestre\Programacion movil\PM206\practica19\usuarioApi\usuarioApi\node_modules\react-native-gesture-handler\lib'
npm warn tar TAR_ENTRY_ERROR ENOENT: no such file or directory, lstat 'd:\Escritorio\Noveno Cuatrimestre\Programacion movil\PM206\practica19\usuarioApi\usuarioApi\node_modules\react-native-gesture-handler\src'
npm warn tar TAR_ENTRY_ERROR ENOENT: no such file or directory, lstat 'd:\Escritorio\Noveno Cuatrimestre\Programacion movil\PM206\practica19\usuarioApi\usuarioApi\node_modules\react-native-gesture-handler\lib'
npm warn tar TAR_ENTRY_ERROR ENOENT: no such file or directory, lstat 'd:\Escritorio\Noveno Cuatrimestre\Programacion movil\PM206\practica19\usuarioApi\usuarioApi\node_modules\react-native-gesture-handler\src'
npm warn tar TAR_ENTRY_ERROR ENOENT: no such file or directory, lstat 'd:\Escritorio\Noveno Cuatrimestre\Programacion movil\PM206\practica19\usuarioApi\usuarioApi\node_modules\react-native-gesture-handler\lib'
npm warn tar TAR_ENTRY_ERROR ENOENT: no such file or directory, lstat 'd:\Escritorio\Noveno Cuatrimestre\Programacion movil\PM206\practica19\usuarioApi\usuarioApi\node_modules\react-native-gesture-handler\src'
npm warn tar TAR_ENTRY_ERROR ENOENT: no such file or directory, lstat 'd:\Escritorio\Noveno Cuatrimestre\Programacion movil\PM206\practica19\usuarioApi\usuarioApi\node_modules\react-native-gesture-handler\lib'
npm warn tar TAR_ENTRY_ERROR ENOENT: no such file or directory, lstat 'd:\Escritorio\Noveno Cuatrimestre\Programacion movil\PM206\practica19\usuarioApi\usuarioApi\node_modules\react-native-gesture-handler\src'
npm warn tar TAR_ENTRY_ERROR ENOENT: no such file or directory, lstat 'd:\Escritorio\Noveno Cuatrimestre\Programacion movil\PM206\practica19\usuarioApi\usuarioApi\node_modules\react-native-gesture-handler\lib'
npm warn tar TAR_ENTRY_ERROR ENOENT: no such file or directory, lstat 'd:\Escritorio\Noveno Cuatrimestre\Programacion movil\PM206\practica19\usuarioApi\usuarioApi\node_modules\react-native-gesture-handler\src'
npm warn tar TAR_ENTRY_ERROR ENOENT: no such file or directory, lstat 'd:\Escritorio\Noveno Cuatrimestre\Programacion movil\PM206\practica19\usuarioApi\usuarioApi\node_modules\react-native-gesture-handler\lib'
npm warn tar TAR_ENTRY_ERROR ENOENT: no such file or directory, lstat 'd:\Escritorio\Noveno Cuatrimestre\Programacion movil\PM206\practica19\usuarioApi\usuarioApi\node_modules\react-native-gesture-handler\lib'
npm warn tar TAR_ENTRY_ERROR ENOENT: no such file or directory, lstat 'd:\Escritorio\Noveno Cuatrimestre\Programacion movil\PM206\practica19\usuarioApi\usuarioApi\node_modules\react-native-gesture-handler\lib'
npm warn tar TAR_ENTRY_ERROR ENOENT: no such file or directory, lstat 'd:\Escritorio\Noveno Cuatrimestre\Programacion movil\PM206\practica19\usuarioApi\usuarioApi\node_modules\react-native-gesture-handler\lib'
npm warn tar TAR_ENTRY_ERROR ENOENT: no such file or directory, lstat 'd:\Escritorio\Noveno Cuatrimestre\Programacion movil\PM206\practica19\usuarioApi\usuarioApi\node_modules\react-native-gesture-handler\lib'
npm warn tar TAR_ENTRY_ERROR ENOENT: no such file or directory, lstat 'd:\Escritorio\Noveno Cuatrimestre\Programacion movil\PM206\practica19\usuarioApi\usuarioApi\node_modules\react-native-gesture-handler\lib'
npm warn tar TAR_ENTRY_ERROR ENOENT: no such file or directory, lstat 'd:\Escritorio\Noveno Cuatrimestre\Programacion movil\PM206\practica19\usuarioApi\usuarioApi\node_modules\react-native-gesture-handler\src'
npm warn tar TAR_ENTRY_ERROR ENOENT: no such file or directory, lstat 'd:\Escritorio\Noveno Cuatrimestre\Programacion movil\PM206\practica19\usuarioApi\usuarioApi\node_modules\react-native-gesture-handler\src'
npm warn tar TAR_ENTRY_ERROR ENOENT: no such file or directory, lstat 'd:\Escritorio\Noveno Cuatrimestre\Programacion movil\PM206\practica19\usuarioApi\usuarioApi\node_modules\react-native-gesture-handler\src'
npm warn tar TAR_ENTRY_ERROR ENOENT: no such file or directory, lstat 'd:\Escritorio\Noveno Cuatrimestre\Programacion movil\PM206\practica19\usuarioApi\usuarioApi\node_modules\react-native-gesture-handler\src'
npm warn tar TAR_ENTRY_ERROR ENOENT: no such file or directory, lstat 'd:\Escritorio\Noveno Cuatrimestre\Programacion movil\PM206\practica19\usuarioApi\usuarioApi\node_modules\react-native-gesture-handler\src'
npm warn tar TAR_ENTRY_ERROR ENOENT: no such file or directory, lstat 'd:\Escritorio\Noveno Cuatrimestre\Programacion movil\PM206\practica19\usuarioApi\usuarioApi\node_modules\react-native-gesture-handler\lib'
npm warn tar TAR_ENTRY_ERROR ENOENT: no such file or directory, lstat 'd:\Escritorio\Noveno Cuatrimestre\Programacion movil\PM206\practica19\usuarioApi\usuarioApi\node_modules\react-native-gesture-handler\src'
npm warn tar TAR_ENTRY_ERROR ENOENT: no such file or directory, lstat 'd:\Escritorio\Noveno Cuatrimestre\Programacion movil\PM206\practica19\usuarioApi\usuarioApi\node_modules\react-native-gesture-handler\lib'
npm warn tar TAR_ENTRY_ERROR ENOENT: no such file or directory, lstat 'd:\Escritorio\Noveno Cuatrimestre\Programacion movil\PM206\practica19\usuarioApi\usuarioApi\node_modules\react-native-gesture-handler\src'
npm warn tar TAR_ENTRY_ERROR ENOENT: no such file or directory, lstat 'd:\Escritorio\Noveno Cuatrimestre\Programacion movil\PM206\practica19\usuarioApi\usuarioApi\node_modules\react-native-gesture-handler\lib'
npm warn tar TAR_ENTRY_ERROR ENOENT: no such file or directory, lstat 'd:\Escritorio\Noveno Cuatrimestre\Programacion movil\PM206\practica19\usuarioApi\usuarioApi\node_modules\react-native-gesture-handler\src'
npm warn tar TAR_ENTRY_ERROR ENOENT: no such file or directory, lstat 'd:\Escritorio\Noveno Cuatrimestre\Programacion movil\PM206\practica19\usuarioApi\usuarioApi\node_modules\react-native-gesture-handler\lib'
npm warn tar TAR_ENTRY_ERROR ENOENT: no such file or directory, lstat 'd:\Escritorio\Noveno Cuatrimestre\Programacion movil\PM206\practica19\usuarioApi\usuarioApi\node_modules\react-native-gesture-handler\src'
npm warn tar TAR_ENTRY_ERROR ENOENT: no such file or directory, lstat 'd:\Escritorio\Noveno Cuatrimestre\Programacion movil\PM206\practica19\usuarioApi\usuarioApi\node_modules\react-native-gesture-handler\lib'
npm warn tar TAR_ENTRY_ERROR ENOENT: no such file or directory, lstat 'd:\Escritorio\Noveno Cuatrimestre\Programacion movil\PM206\practica19\usuarioApi\usuarioApi\node_modules\react-native-gesture-handler\src'
npm warn tar TAR_ENTRY_ERROR ENOENT: no such file or directory, lstat 'd:\Escritorio\Noveno Cuatrimestre\Programacion movil\PM206\practica19\usuarioApi\usuarioApi\node_modules\react-native-gesture-handler\lib'
npm warn tar TAR_ENTRY_ERROR ENOENT: no such file or directory, lstat 'd:\Escritorio\Noveno Cuatrimestre\Programacion movil\PM206\practica19\usuarioApi\usuarioApi\node_modules\react-native-gesture-handler\src'
npm warn tar TAR_ENTRY_ERROR ENOENT: no such file or directory, lstat 'd:\Escritorio\Noveno Cuatrimestre\Programacion movil\PM206\practica19\usuarioApi\usuarioApi\node_modules\react-native-gesture-handler\lib'
npm warn tar TAR_ENTRY_ERROR ENOENT: no such file or directory, lstat 'd:\Escritorio\Noveno Cuatrimestre\Programacion movil\PM206\practica19\usuarioApi\usuarioApi\node_modules\react-native-gesture-handler\src'
npm warn tar TAR_ENTRY_ERROR ENOENT: no such file or directory, lstat 'd:\Escritorio\Noveno Cuatrimestre\Programacion movil\PM206\practica19\usuarioApi\usuarioApi\node_modules\react-native-gesture-handler\lib'
npm warn tar TAR_ENTRY_ERROR ENOENT: no such file or directory, lstat 'd:\Escritorio\Noveno Cuatrimestre\Programacion movil\PM206\practica19\usuarioApi\usuarioApi\node_modules\react-native-gesture-handler\src'
npm warn tar TAR_ENTRY_ERROR ENOENT: no such file or directory, lstat 'd:\Escritorio\Noveno Cuatrimestre\Programacion movil\PM206\practica19\usuarioApi\usuarioApi\node_modules\react-native-gesture-handler\lib'
npm warn tar TAR_ENTRY_ERROR ENOENT: no such file or directory, lstat 'd:\Escritorio\Noveno Cuatrimestre\Programacion movil\PM206\practica19\usuarioApi\usuarioApi\node_modules\react-native-gesture-handler\lib'
npm warn tar TAR_ENTRY_ERROR ENOENT: no such file or directory, lstat 'd:\Escritorio\Noveno Cuatrimestre\Programacion movil\PM206\practica19\usuarioApi\usuarioApi\node_modules\react-native-gesture-handler\lib'
npm warn tar TAR_ENTRY_ERROR ENOENT: no such file or directory, lstat 'd:\Escritorio\Noveno Cuatrimestre\Programacion movil\PM206\practica19\usuarioApi\usuarioApi\node_modules\react-native-gesture-handler\src'
npm warn tar TAR_ENTRY_ERROR ENOENT: no such file or directory, lstat 'd:\Escritorio\Noveno Cuatrimestre\Programacion movil\PM206\practica19\usuarioApi\usuarioApi\node_modules\react-native-gesture-handler\src'
npm warn tar TAR_ENTRY_ERROR ENOENT: no such file or directory, lstat 'd:\Escritorio\Noveno Cuatrimestre\Programacion movil\PM206\practica19\usuarioApi\usuarioApi\node_modules\react-native-gesture-handler\src'
npm warn tar TAR_ENTRY_ERROR ENOENT: no such file or directory, lstat 'd:\Escritorio\Noveno Cuatrimestre\Programacion movil\PM206\practica19\usuarioApi\usuarioApi\node_modules\react-native-gesture-handler\lib'
npm warn tar TAR_ENTRY_ERROR ENOENT: no such file or directory, lstat 'd:\Escritorio\Noveno Cuatrimestre\Programacion movil\PM206\practica19\usuarioApi\usuarioApi\node_modules\react-native-gesture-handler\src'
npm warn tar TAR_ENTRY_ERROR ENOENT: no such file or directory, lstat 'd:\Escritorio\Noveno Cuatrimestre\Programacion movil\PM206\practica19\usuarioApi\usuarioApi\node_modules\react-native-gesture-handler\lib'
npm warn tar TAR_ENTRY_ERROR ENOENT: no such file or directory, lstat 'd:\Escritorio\Noveno Cuatrimestre\Programacion movil\PM206\practica19\usuarioApi\usuarioApi\node_modules\react-native-gesture-handler\src'
npm warn tar TAR_ENTRY_ERROR ENOENT: no such file or directory, lstat 'd:\Escritorio\Noveno Cuatrimestre\Programacion movil\PM206\practica19\usuarioApi\usuarioApi\node_modules\react-native-gesture-handler\lib'
npm warn tar TAR_ENTRY_ERROR ENOENT: no such file or directory, lstat 'd:\Escritorio\Noveno Cuatrimestre\Programacion movil\PM206\practica19\usuarioApi\usuarioApi\node_modules\react-native-gesture-handler\lib'
npm warn tar TAR_ENTRY_ERROR ENOENT: no such file or directory, lstat 'd:\Escritorio\Noveno Cuatrimestre\Programacion movil\PM206\practica19\usuarioApi\usuarioApi\node_modules\react-native-gesture-handler\src'
npm warn tar TAR_ENTRY_ERROR ENOENT: no such file or directory, lstat 'd:\Escritorio\Noveno Cuatrimestre\Programacion movil\PM206\practica19\usuarioApi\usuarioApi\node_modules\react-native-gesture-handler\lib'
npm warn tar TAR_ENTRY_ERROR ENOENT: no such file or directory, lstat 'd:\Escritorio\Noveno Cuatrimestre\Programacion movil\PM206\practica19\usuarioApi\usuarioApi\node_modules\react-native-gesture-handler\lib'
npm warn tar TAR_ENTRY_ERROR ENOENT: no such file or directory, lstat 'd:\Escritorio\Noveno Cuatrimestre\Programacion movil\PM206\practica19\usuarioApi\usuarioApi\node_modules\react-native-gesture-handler\lib'
npm warn tar TAR_ENTRY_ERROR ENOENT: no such file or directory, lstat 'd:\Escritorio\Noveno Cuatrimestre\Programacion movil\PM206\practica19\usuarioApi\usuarioApi\node_modules\react-native-gesture-handler\src'
npm warn tar TAR_ENTRY_ERROR ENOENT: no such file or directory, lstat 'd:\Escritorio\Noveno Cuatrimestre\Programacion movil\PM206\practica19\usuarioApi\usuarioApi\node_modules\react-native-gesture-handler\lib'
npm warn tar TAR_ENTRY_ERROR ENOENT: no such file or directory, lstat 'd:\Escritorio\Noveno Cuatrimestre\Programacion movil\PM206\practica19\usuarioApi\usuarioApi\node_modules\react-native-gesture-handler\lib'
npm warn tar TAR_ENTRY_ERROR ENOENT: no such file or directory, lstat 'd:\Escritorio\Noveno Cuatrimestre\Programacion movil\PM206\practica19\usuarioApi\usuarioApi\node_modules\react-native-gesture-handler\lib'
npm warn tar TAR_ENTRY_ERROR ENOENT: no such file or directory, lstat 'd:\Escritorio\Noveno Cuatrimestre\Programacion movil\PM206\practica19\usuarioApi\usuarioApi\node_modules\react-native-gesture-handler\src'
npm warn tar TAR_ENTRY_ERROR ENOENT: no such file or directory, lstat 'd:\Escritorio\Noveno Cuatrimestre\Programacion movil\PM206\practica19\usuarioApi\usuarioApi\node_modules\react-native-gesture-handler\lib'
npm warn tar TAR_ENTRY_ERROR ENOENT: no such file or directory, lstat 'd:\Escritorio\Noveno Cuatrimestre\Programacion movil\PM206\practica19\usuarioApi\usuarioApi\node_modules\react-native-gesture-handler\lib'
npm warn tar TAR_ENTRY_ERROR ENOENT: no such file or directory, lstat 'd:\Escritorio\Noveno Cuatrimestre\Programacion movil\PM206\practica19\usuarioApi\usuarioApi\node_modules\react-native-gesture-handler\lib'
npm warn tar TAR_ENTRY_ERROR ENOENT: no such file or directory, lstat 'd:\Escritorio\Noveno Cuatrimestre\Programacion movil\PM206\practica19\usuarioApi\usuarioApi\node_modules\react-native-gesture-handler\lib'
npm warn tar TAR_ENTRY_ERROR ENOENT: no such file or directory, lstat 'd:\Escritorio\Noveno Cuatrimestre\Programacion movil\PM206\practica19\usuarioApi\usuarioApi\node_modules\react-native-gesture-handler\lib'
npm warn tar TAR_ENTRY_ERROR ENOENT: no such file or directory, lstat 'd:\Escritorio\Noveno Cuatrimestre\Programacion movil\PM206\practica19\usuarioApi\usuarioApi\node_modules\react-native-gesture-handler\lib'
npm warn tar TAR_ENTRY_ERROR ENOENT: no such file or directory, lstat 'd:\Escritorio\Noveno Cuatrimestre\Programacion movil\PM206\practica19\usuarioApi\usuarioApi\node_modules\react-native-gesture-handler\lib'
npm warn tar TAR_ENTRY_ERROR ENOENT: no such file or directory, lstat 'd:\Escritorio\Noveno Cuatrimestre\Programacion movil\PM206\practica19\usuarioApi\usuarioApi\node_modules\react-native-gesture-handler\lib'
npm warn tar TAR_ENTRY_ERROR ENOENT: no such file or directory, lstat 'd:\Escritorio\Noveno Cuatrimestre\Programacion movil\PM206\practica19\usuarioApi\usuarioApi\node_modules\react-native-gesture-handler\lib'
npm warn tar TAR_ENTRY_ERROR ENOENT: no such file or directory, lstat 'd:\Escritorio\Noveno Cuatrimestre\Programacion movil\PM206\practica19\usuarioApi\usuarioApi\node_modules\react-native-gesture-handler\src'
npm warn tar TAR_ENTRY_ERROR ENOENT: no such file or directory, lstat 'd:\Escritorio\Noveno Cuatrimestre\Programacion movil\PM206\practica19\usuarioApi\usuarioApi\node_modules\react-native-gesture-handler\src'
npm warn tar TAR_ENTRY_ERROR ENOENT: no such file or directory, lstat 'd:\Escritorio\Noveno Cuatrimestre\Programacion movil\PM206\practica19\usuarioApi\usuarioApi\node_modules\react-native-gesture-handler\src'
npm warn tar TAR_ENTRY_ERROR ENOENT: no such file or directory, lstat 'd:\Escritorio\Noveno Cuatrimestre\Programacion movil\PM206\practica19\usuarioApi\usuarioApi\node_modules\react-native-gesture-handler\lib'
npm warn tar TAR_ENTRY_ERROR ENOENT: no such file or directory, lstat 'd:\Escritorio\Noveno Cuatrimestre\Programacion movil\PM206\practica19\usuarioApi\usuarioApi\node_modules\react-native-gesture-handler\src'
npm warn tar TAR_ENTRY_ERROR ENOENT: no such file or directory, lstat 'd:\Escritorio\Noveno Cuatrimestre\Programacion movil\PM206\practica19\usuarioApi\usuarioApi\node_modules\react-native-gesture-handler\lib'
npm warn tar TAR_ENTRY_ERROR ENOENT: no such file or directory, lstat 'd:\Escritorio\Noveno Cuatrimestre\Programacion movil\PM206\practica19\usuarioApi\usuarioApi\node_modules\react-native-gesture-handler\lib'
npm warn tar TAR_ENTRY_ERROR ENOENT: no such file or directory, lstat 'd:\Escritorio\Noveno Cuatrimestre\Programacion movil\PM206\practica19\usuarioApi\usuarioApi\node_modules\react-native-gesture-handler\src'
npm warn tar TAR_ENTRY_ERROR ENOENT: no such file or directory, lstat 'd:\Escritorio\Noveno Cuatrimestre\Programacion movil\PM206\practica19\usuarioApi\usuarioApi\node_modules\react-native-gesture-handler\src'
npm warn tar TAR_ENTRY_ERROR ENOENT: no such file or directory, lstat 'd:\Escritorio\Noveno Cuatrimestre\Programacion movil\PM206\practica19\usuarioApi\usuarioApi\node_modules\react-native-gesture-handler\lib'
npm warn tar TAR_ENTRY_ERROR ENOENT: no such file or directory, lstat 'd:\Escritorio\Noveno Cuatrimestre\Programacion movil\PM206\practica19\usuarioApi\usuarioApi\node_modules\react-native-gesture-handler\src'
npm warn tar TAR_ENTRY_ERROR ENOENT: no such file or directory, lstat 'd:\Escritorio\Noveno Cuatrimestre\Programacion movil\PM206\practica19\usuarioApi\usuarioApi\node_modules\react-native-gesture-handler\lib'
npm warn tar TAR_ENTRY_ERROR ENOENT: no such file or directory, lstat 'd:\Escritorio\Noveno Cuatrimestre\Programacion movil\PM206\practica19\usuarioApi\usuarioApi\node_modules\react-native-gesture-handler\lib'
npm warn tar TAR_ENTRY_ERROR ENOENT: no such file or directory, lstat 'd:\Escritorio\Noveno Cuatrimestre\Programacion movil\PM206\practica19\usuarioApi\usuarioApi\node_modules\react-native-gesture-handler\lib'
npm warn tar TAR_ENTRY_ERROR ENOENT: no such file or directory, lstat 'd:\Escritorio\Noveno Cuatrimestre\Programacion movil\PM206\practica19\usuarioApi\usuarioApi\node_modules\react-native-gesture-handler\src'
npm warn tar TAR_ENTRY_ERROR ENOENT: no such file or directory, lstat 'd:\Escritorio\Noveno Cuatrimestre\Programacion movil\PM206\practica19\usuarioApi\usuarioApi\node_modules\react-native-gesture-handler\src'
npm warn tar TAR_ENTRY_ERROR ENOENT: no such file or directory, lstat 'd:\Escritorio\Noveno Cuatrimestre\Programacion movil\PM206\practica19\usuarioApi\usuarioApi\node_modules\react-native-gesture-handler\src'
npm warn tar TAR_ENTRY_ERROR ENOENT: no such file or directory, lstat 'd:\Escritorio\Noveno Cuatrimestre\Programacion movil\PM206\practica19\usuarioApi\usuarioApi\node_modules\react-native-gesture-handler\lib'
npm warn tar TAR_ENTRY_ERROR ENOENT: no such file or directory, lstat 'd:\Escritorio\Noveno Cuatrimestre\Programacion movil\PM206\practica19\usuarioApi\usuarioApi\node_modules\react-native-gesture-handler\src'
npm warn tar TAR_ENTRY_ERROR ENOENT: no such file or directory, lstat 'd:\Escritorio\Noveno Cuatrimestre\Programacion movil\PM206\practica19\usuarioApi\usuarioApi\node_modules\react-native-gesture-handler\lib'
npm warn tar TAR_ENTRY_ERROR ENOENT: no such file or directory, lstat 'd:\Escritorio\Noveno Cuatrimestre\Programacion movil\PM206\practica19\usuarioApi\usuarioApi\node_modules\react-native-gesture-handler\lib'
npm warn tar TAR_ENTRY_ERROR ENOENT: no such file or directory, lstat 'd:\Escritorio\Noveno Cuatrimestre\Programacion movil\PM206\practica19\usuarioApi\usuarioApi\node_modules\react-native-gesture-handler\lib'
npm warn tar TAR_ENTRY_ERROR ENOENT: no such file or directory, lstat 'd:\Escritorio\Noveno Cuatrimestre\Programacion movil\PM206\practica19\usuarioApi\usuarioApi\node_modules\react-native-gesture-handler\src'
npm warn tar TAR_ENTRY_ERROR ENOENT: no such file or directory, lstat 'd:\Escritorio\Noveno Cuatrimestre\Programacion movil\PM206\practica19\usuarioApi\usuarioApi\node_modules\react-native-gesture-handler\src'
npm warn tar TAR_ENTRY_ERROR ENOENT: no such file or directory, lstat 'd:\Escritorio\Noveno Cuatrimestre\Programacion movil\PM206\practica19\usuarioApi\usuarioApi\node_modules\react-native-gesture-handler\src'
npm warn tar TAR_ENTRY_ERROR ENOENT: no such file or directory, lstat 'd:\Escritorio\Noveno Cuatrimestre\Programacion movil\PM206\practica19\usuarioApi\usuarioApi\node_modules\react-native-gesture-handler\lib'
npm warn tar TAR_ENTRY_ERROR ENOENT: no such file or directory, lstat 'd:\Escritorio\Noveno Cuatrimestre\Programacion movil\PM206\practica19\usuarioApi\usuarioApi\node_modules\react-native-gesture-handler\src'
npm warn tar TAR_ENTRY_ERROR ENOENT: no such file or directory, lstat 'd:\Escritorio\Noveno Cuatrimestre\Programacion movil\PM206\practica19\usuarioApi\usuarioApi\node_modules\react-native-gesture-handler\lib'
npm warn tar TAR_ENTRY_ERROR ENOENT: no such file or directory, lstat 'd:\Escritorio\Noveno Cuatrimestre\Programacion movil\PM206\practica19\usuarioApi\usuarioApi\node_modules\react-native-gesture-handler\src'
npm warn tar TAR_ENTRY_ERROR ENOENT: no such file or directory, lstat 'd:\Escritorio\Noveno Cuatrimestre\Programacion movil\PM206\practica19\usuarioApi\usuarioApi\node_modules\react-native-gesture-handler\lib'
npm warn tar TAR_ENTRY_ERROR ENOENT: no such file or directory, lstat 'd:\Escritorio\Noveno Cuatrimestre\Programacion movil\PM206\practica19\usuarioApi\usuarioApi\node_modules\react-native-gesture-handler\src'
npm warn tar TAR_ENTRY_ERROR ENOENT: no such file or directory, lstat 'd:\Escritorio\Noveno Cuatrimestre\Programacion movil\PM206\practica19\usuarioApi\usuarioApi\node_modules\react-native-gesture-handler\lib'
npm warn tar TAR_ENTRY_ERROR ENOENT: no such file or directory, lstat 'd:\Escritorio\Noveno Cuatrimestre\Programacion movil\PM206\practica19\usuarioApi\usuarioApi\node_modules\react-native-gesture-handler\src'
npm warn tar TAR_ENTRY_ERROR ENOENT: no such file or directory, lstat 'd:\Escritorio\Noveno Cuatrimestre\Programacion movil\PM206\practica19\usuarioApi\usuarioApi\node_modules\react-native-gesture-handler\lib'
npm warn tar TAR_ENTRY_ERROR ENOENT: no such file or directory, lstat 'd:\Escritorio\Noveno Cuatrimestre\Programacion movil\PM206\practica19\usuarioApi\usuarioApi\node_modules\react-native-gesture-handler\src'
npm warn tar TAR_ENTRY_ERROR ENOENT: no such file or directory, lstat 'd:\Escritorio\Noveno Cuatrimestre\Programacion movil\PM206\practica19\usuarioApi\usuarioApi\node_modules\react-native-gesture-handler\lib'
npm warn tar TAR_ENTRY_ERROR ENOENT: no such file or directory, lstat 'd:\Escritorio\Noveno Cuatrimestre\Programacion movil\PM206\practica19\usuarioApi\usuarioApi\node_modules\react-native-gesture-handler\lib'
npm warn tar TAR_ENTRY_ERROR ENOENT: no such file or directory, lstat 'd:\Escritorio\Noveno Cuatrimestre\Programacion movil\PM206\practica19\usuarioApi\usuarioApi\node_modules\react-native-gesture-handler\lib'
npm warn tar TAR_ENTRY_ERROR ENOENT: no such file or directory, lstat 'd:\Escritorio\Noveno Cuatrimestre\Programacion movil\PM206\practica19\usuarioApi\usuarioApi\node_modules\react-native-gesture-handler\lib'
npm warn tar TAR_ENTRY_ERROR ENOENT: no such file or directory, lstat 'd:\Escritorio\Noveno Cuatrimestre\Programacion movil\PM206\practica19\usuarioApi\usuarioApi\node_modules\react-native-gesture-handler\lib'
npm warn tar TAR_ENTRY_ERROR ENOENT: no such file or directory, lstat 'd:\Escritorio\Noveno Cuatrimestre\Programacion movil\PM206\practica19\usuarioApi\usuarioApi\node_modules\react-native-gesture-handler\lib'
npm warn tar TAR_ENTRY_ERROR ENOENT: no such file or directory, lstat 'd:\Escritorio\Noveno Cuatrimestre\Programacion movil\PM206\practica19\usuarioApi\usuarioApi\node_modules\react-native-gesture-handler\src'
npm warn tar TAR_ENTRY_ERROR ENOENT: no such file or directory, lstat 'd:\Escritorio\Noveno Cuatrimestre\Programacion movil\PM206\practica19\usuarioApi\usuarioApi\node_modules\react-native-gesture-handler\lib'
npm warn tar TAR_ENTRY_ERROR ENOENT: no such file or directory, lstat 'd:\Escritorio\Noveno Cuatrimestre\Programacion movil\PM206\practica19\usuarioApi\usuarioApi\node_modules\react-native-gesture-handler\lib'
npm warn tar TAR_ENTRY_ERROR ENOENT: no such file or directory, lstat 'd:\Escritorio\Noveno Cuatrimestre\Programacion movil\PM206\practica19\usuarioApi\usuarioApi\node_modules\react-native-gesture-handler\lib'
npm warn tar TAR_ENTRY_ERROR ENOENT: no such file or directory, lstat 'd:\Escritorio\Noveno Cuatrimestre\Programacion movil\PM206\practica19\usuarioApi\usuarioApi\node_modules\react-native-gesture-handler\src'
npm warn tar TAR_ENTRY_ERROR ENOENT: no such file or directory, lstat 'd:\Escritorio\Noveno Cuatrimestre\Programacion movil\PM206\practica19\usuarioApi\usuarioApi\node_modules\react-native-gesture-handler\lib'
npm warn tar TAR_ENTRY_ERROR ENOENT: no such file or directory, lstat 'd:\Escritorio\Noveno Cuatrimestre\Programacion movil\PM206\practica19\usuarioApi\usuarioApi\node_modules\react-native-gesture-handler\src'
npm warn tar TAR_ENTRY_ERROR ENOENT: no such file or directory, lstat 'd:\Escritorio\Noveno Cuatrimestre\Programacion movil\PM206\practica19\usuarioApi\usuarioApi\node_modules\react-native-gesture-handler\lib'
npm warn tar TAR_ENTRY_ERROR ENOENT: no such file or directory, lstat 'd:\Escritorio\Noveno Cuatrimestre\Programacion movil\PM206\practica19\usuarioApi\usuarioApi\node_modules\react-native-gesture-handler\lib'
npm warn tar TAR_ENTRY_ERROR ENOENT: no such file or directory, lstat 'd:\Escritorio\Noveno Cuatrimestre\Programacion movil\PM206\practica19\usuarioApi\usuarioApi\node_modules\react-native-gesture-handler\lib'
npm warn tar TAR_ENTRY_ERROR ENOENT: no such file or directory, lstat 'd:\Escritorio\Noveno Cuatrimestre\Programacion movil\PM206\practica19\usuarioApi\usuarioApi\node_modules\react-native-gesture-handler\src'
npm warn tar TAR_ENTRY_ERROR ENOENT: no such file or directory, lstat 'd:\Escritorio\Noveno Cuatrimestre\Programacion movil\PM206\practica19\usuarioApi\usuarioApi\node_modules\react-native-gesture-handler\lib'
npm warn tar TAR_ENTRY_ERROR ENOENT: no such file or directory, lstat 'd:\Escritorio\Noveno Cuatrimestre\Programacion movil\PM206\practica19\usuarioApi\usuarioApi\node_modules\react-native-gesture-handler\src'
npm warn tar TAR_ENTRY_ERROR ENOENT: no such file or directory, lstat 'd:\Escritorio\Noveno Cuatrimestre\Programacion movil\PM206\practica19\usuarioApi\usuarioApi\node_modules\react-native-gesture-handler\lib'
npm warn tar TAR_ENTRY_ERROR ENOENT: no such file or directory, lstat 'd:\Escritorio\Noveno Cuatrimestre\Programacion movil\PM206\practica19\usuarioApi\usuarioApi\node_modules\react-native-gesture-handler\src'
npm warn tar TAR_ENTRY_ERROR ENOENT: no such file or directory, lstat 'd:\Escritorio\Noveno Cuatrimestre\Programacion movil\PM206\practica19\usuarioApi\usuarioApi\node_modules\react-native-gesture-handler\lib'
npm warn tar TAR_ENTRY_ERROR ENOENT: no such file or directory, lstat 'd:\Escritorio\Noveno Cuatrimestre\Programacion movil\PM206\practica19\usuarioApi\usuarioApi\node_modules\react-native-gesture-handler\src'
npm warn tar TAR_ENTRY_ERROR ENOENT: no such file or directory, lstat 'd:\Escritorio\Noveno Cuatrimestre\Programacion movil\PM206\practica19\usuarioApi\usuarioApi\node_modules\react-native-gesture-handler\lib'
npm warn tar TAR_ENTRY_ERROR ENOENT: no such file or directory, lstat 'd:\Escritorio\Noveno Cuatrimestre\Programacion movil\PM206\practica19\usuarioApi\usuarioApi\node_modules\react-native-gesture-handler\lib'
npm warn tar TAR_ENTRY_ERROR ENOENT: no such file or directory, lstat 'd:\Escritorio\Noveno Cuatrimestre\Programacion movil\PM206\practica19\usuarioApi\usuarioApi\node_modules\react-native-gesture-handler\lib'
npm warn tar TAR_ENTRY_ERROR ENOENT: no such file or directory, lstat 'd:\Escritorio\Noveno Cuatrimestre\Programacion movil\PM206\practica19\usuarioApi\usuarioApi\node_modules\react-native-gesture-handler\src'
npm warn tar TAR_ENTRY_ERROR ENOENT: no such file or directory, lstat 'd:\Escritorio\Noveno Cuatrimestre\Programacion movil\PM206\practica19\usuarioApi\usuarioApi\node_modules\react-native-gesture-handler\lib'
npm warn tar TAR_ENTRY_ERROR ENOENT: no such file or directory, lstat 'd:\Escritorio\Noveno Cuatrimestre\Programacion movil\PM206\practica19\usuarioApi\usuarioApi\node_modules\react-native-gesture-handler\src'
npm warn tar TAR_ENTRY_ERROR ENOENT: no such file or directory, lstat 'd:\Escritorio\Noveno Cuatrimestre\Programacion movil\PM206\practica19\usuarioApi\usuarioApi\node_modules\react-native-gesture-handler\lib'
npm warn tar TAR_ENTRY_ERROR ENOENT: no such file or directory, lstat 'd:\Escritorio\Noveno Cuatrimestre\Programacion movil\PM206\practica19\usuarioApi\usuarioApi\node_modules\react-native-gesture-handler\src'
npm warn tar TAR_ENTRY_ERROR ENOENT: no such file or directory, lstat 'd:\Escritorio\Noveno Cuatrimestre\Programacion movil\PM206\practica19\usuarioApi\usuarioApi\node_modules\react-native-gesture-handler\lib'
npm warn tar TAR_ENTRY_ERROR ENOENT: no such file or directory, lstat 'd:\Escritorio\Noveno Cuatrimestre\Programacion movil\PM206\practica19\usuarioApi\usuarioApi\node_modules\react-native-gesture-handler\src'
npm warn tar TAR_ENTRY_ERROR ENOENT: no such file or directory, lstat 'd:\Escritorio\Noveno Cuatrimestre\Programacion movil\PM206\practica19\usuarioApi\usuarioApi\node_modules\react-native-gesture-handler\lib'
npm warn tar TAR_ENTRY_ERROR ENOENT: no such file or directory, lstat 'd:\Escritorio\Noveno Cuatrimestre\Programacion movil\PM206\practica19\usuarioApi\usuarioApi\node_modules\react-native-gesture-handler\src'
npm warn tar TAR_ENTRY_ERROR ENOENT: no such file or directory, lstat 'd:\Escritorio\Noveno Cuatrimestre\Programacion movil\PM206\practica19\usuarioApi\usuarioApi\node_modules\react-native-gesture-handler\lib'
npm warn tar TAR_ENTRY_ERROR ENOENT: no such file or directory, lstat 'd:\Escritorio\Noveno Cuatrimestre\Programacion movil\PM206\practica19\usuarioApi\usuarioApi\node_modules\react-native-gesture-handler\lib'
npm warn tar TAR_ENTRY_ERROR ENOENT: no such file or directory, lstat 'd:\Escritorio\Noveno Cuatrimestre\Programacion movil\PM206\practica19\usuarioApi\usuarioApi\node_modules\react-native-gesture-handler\lib'
npm warn tar TAR_ENTRY_ERROR ENOENT: no such file or directory, lstat 'd:\Escritorio\Noveno Cuatrimestre\Programacion movil\PM206\practica19\usuarioApi\usuarioApi\node_modules\react-native-gesture-handler\src'
npm warn tar TAR_ENTRY_ERROR ENOENT: no such file or directory, lstat 'd:\Escritorio\Noveno Cuatrimestre\Programacion movil\PM206\practica19\usuarioApi\usuarioApi\node_modules\react-native-gesture-handler\src'
npm warn tar TAR_ENTRY_ERROR ENOENT: no such file or directory, lstat 'd:\Escritorio\Noveno Cuatrimestre\Programacion movil\PM206\practica19\usuarioApi\usuarioApi\node_modules\react-native-gesture-handler\src'
npm warn tar TAR_ENTRY_ERROR ENOENT: no such file or directory, lstat 'd:\Escritorio\Noveno Cuatrimestre\Programacion movil\PM206\practica19\usuarioApi\usuarioApi\node_modules\react-native-gesture-handler\lib'
npm warn tar TAR_ENTRY_ERROR ENOENT: no such file or directory, lstat 'd:\Escritorio\Noveno Cuatrimestre\Programacion movil\PM206\practica19\usuarioApi\usuarioApi\node_modules\react-native-gesture-handler\src'
npm warn tar TAR_ENTRY_ERROR ENOENT: no such file or directory, lstat 'd:\Escritorio\Noveno Cuatrimestre\Programacion movil\PM206\practica19\usuarioApi\usuarioApi\node_modules\react-native-gesture-handler\lib'
npm warn tar TAR_ENTRY_ERROR ENOENT: no such file or directory, lstat 'd:\Escritorio\Noveno Cuatrimestre\Programacion movil\PM206\practica19\usuarioApi\usuarioApi\node_modules\react-native-gesture-handler\src'
npm warn tar TAR_ENTRY_ERROR ENOENT: no such file or directory, lstat 'd:\Escritorio\Noveno Cuatrimestre\Programacion movil\PM206\practica19\usuarioApi\usuarioApi\node_modules\react-native-gesture-handler\lib'
npm warn tar TAR_ENTRY_ERROR ENOENT: no such file or directory, lstat 'd:\Escritorio\Noveno Cuatrimestre\Programacion movil\PM206\practica19\usuarioApi\usuarioApi\node_modules\react-native-gesture-handler\src'
npm warn tar TAR_ENTRY_ERROR ENOENT: no such file or directory, lstat 'd:\Escritorio\Noveno Cuatrimestre\Programacion movil\PM206\practica19\usuarioApi\usuarioApi\node_modules\react-native-gesture-handler\lib'
npm warn tar TAR_ENTRY_ERROR ENOENT: no such file or directory, lstat 'd:\Escritorio\Noveno Cuatrimestre\Programacion movil\PM206\practica19\usuarioApi\usuarioApi\node_modules\react-native-gesture-handler\lib'
npm warn tar TAR_ENTRY_ERROR ENOENT: no such file or directory, lstat 'd:\Escritorio\Noveno Cuatrimestre\Programacion movil\PM206\practica19\usuarioApi\usuarioApi\node_modules\react-native-gesture-handler\lib'
npm warn tar TAR_ENTRY_ERROR ENOENT: no such file or directory, lstat 'd:\Escritorio\Noveno Cuatrimestre\Programacion movil\PM206\practica19\usuarioApi\usuarioApi\node_modules\react-native-gesture-handler\src'
npm warn tar TAR_ENTRY_ERROR ENOENT: no such file or directory, lstat 'd:\Escritorio\Noveno Cuatrimestre\Programacion movil\PM206\practica19\usuarioApi\usuarioApi\node_modules\react-native-gesture-handler\lib'
npm warn tar TAR_ENTRY_ERROR ENOENT: no such file or directory, lstat 'd:\Escritorio\Noveno Cuatrimestre\Programacion movil\PM206\practica19\usuarioApi\usuarioApi\node_modules\react-native-gesture-handler\lib'
npm warn tar TAR_ENTRY_ERROR ENOENT: no such file or directory, lstat 'd:\Escritorio\Noveno Cuatrimestre\Programacion movil\PM206\practica19\usuarioApi\usuarioApi\node_modules\react-native-gesture-handler\lib'
npm warn tar TAR_ENTRY_ERROR ENOENT: no such file or directory, lstat 'd:\Escritorio\Noveno Cuatrimestre\Programacion movil\PM206\practica19\usuarioApi\usuarioApi\node_modules\react-native-gesture-handler\src'
npm warn tar TAR_ENTRY_ERROR ENOENT: no such file or directory, lstat 'd:\Escritorio\Noveno Cuatrimestre\Programacion movil\PM206\practica19\usuarioApi\usuarioApi\node_modules\react-native-gesture-handler\src'
npm warn tar TAR_ENTRY_ERROR ENOENT: no such file or directory, lstat 'd:\Escritorio\Noveno Cuatrimestre\Programacion movil\PM206\practica19\usuarioApi\usuarioApi\node_modules\react-native-gesture-handler\src'
npm warn tar TAR_ENTRY_ERROR ENOENT: no such file or directory, lstat 'd:\Escritorio\Noveno Cuatrimestre\Programacion movil\PM206\practica19\usuarioApi\usuarioApi\node_modules\react-native-gesture-handler\lib'
npm warn tar TAR_ENTRY_ERROR ENOENT: no such file or directory, lstat 'd:\Escritorio\Noveno Cuatrimestre\Programacion movil\PM206\practica19\usuarioApi\usuarioApi\node_modules\react-native-gesture-handler\lib'
npm warn tar TAR_ENTRY_ERROR ENOENT: no such file or directory, lstat 'd:\Escritorio\Noveno Cuatrimestre\Programacion movil\PM206\practica19\usuarioApi\usuarioApi\node_modules\react-native-gesture-handler\lib'
npm warn tar TAR_ENTRY_ERROR ENOENT: no such file or directory, lstat 'd:\Escritorio\Noveno Cuatrimestre\Programacion movil\PM206\practica19\usuarioApi\usuarioApi\node_modules\react-native-gesture-handler\lib'
npm warn tar TAR_ENTRY_ERROR ENOENT: no such file or directory, lstat 'd:\Escritorio\Noveno Cuatrimestre\Programacion movil\PM206\practica19\usuarioApi\usuarioApi\node_modules\react-native-gesture-handler\lib'
npm warn tar TAR_ENTRY_ERROR ENOENT: no such file or directory, lstat 'd:\Escritorio\Noveno Cuatrimestre\Programacion movil\PM206\practica19\usuarioApi\usuarioApi\node_modules\react-native-gesture-handler\lib'
npm warn tar TAR_ENTRY_ERROR ENOENT: no such file or directory, lstat 'd:\Escritorio\Noveno Cuatrimestre\Programacion movil\PM206\practica19\usuarioApi\usuarioApi\node_modules\react-native-gesture-handler\lib'
npm warn tar TAR_ENTRY_ERROR ENOENT: no such file or directory, lstat 'd:\Escritorio\Noveno Cuatrimestre\Programacion movil\PM206\practica19\usuarioApi\usuarioApi\node_modules\react-native-gesture-handler\lib'
npm warn tar TAR_ENTRY_ERROR ENOENT: no such file or directory, lstat 'd:\Escritorio\Noveno Cuatrimestre\Programacion movil\PM206\practica19\usuarioApi\usuarioApi\node_modules\react-native-gesture-handler\src'
npm warn tar TAR_ENTRY_ERROR ENOENT: no such file or directory, lstat 'd:\Escritorio\Noveno Cuatrimestre\Programacion movil\PM206\practica19\usuarioApi\usuarioApi\node_modules\react-native-gesture-handler\lib'
npm warn tar TAR_ENTRY_ERROR ENOENT: no such file or directory, lstat 'd:\Escritorio\Noveno Cuatrimestre\Programacion movil\PM206\practica19\usuarioApi\usuarioApi\node_modules\react-native-gesture-handler\src'
npm warn tar TAR_ENTRY_ERROR ENOENT: no such file or directory, lstat 'd:\Escritorio\Noveno Cuatrimestre\Programacion movil\PM206\practica19\usuarioApi\usuarioApi\node_modules\react-native-gesture-handler\lib'
npm warn tar TAR_ENTRY_ERROR ENOENT: no such file or directory, lstat 'd:\Escritorio\Noveno Cuatrimestre\Programacion movil\PM206\practica19\usuarioApi\usuarioApi\node_modules\react-native-gesture-handler\src'
npm warn tar TAR_ENTRY_ERROR ENOENT: no such file or directory, lstat 'd:\Escritorio\Noveno Cuatrimestre\Programacion movil\PM206\practica19\usuarioApi\usuarioApi\node_modules\react-native-gesture-handler\lib'
npm warn tar TAR_ENTRY_ERROR ENOENT: no such file or directory, lstat 'd:\Escritorio\Noveno Cuatrimestre\Programacion movil\PM206\practica19\usuarioApi\usuarioApi\node_modules\react-native-gesture-handler\src'
npm warn tar TAR_ENTRY_ERROR ENOENT: no such file or directory, lstat 'd:\Escritorio\Noveno Cuatrimestre\Programacion movil\PM206\practica19\usuarioApi\usuarioApi\node_modules\react-native-gesture-handler\lib'
npm warn tar TAR_ENTRY_ERROR ENOENT: no such file or directory, lstat 'd:\Escritorio\Noveno Cuatrimestre\Programacion movil\PM206\practica19\usuarioApi\usuarioApi\node_modules\react-native-gesture-handler\src'
npm warn tar TAR_ENTRY_ERROR ENOENT: no such file or directory, lstat 'd:\Escritorio\Noveno Cuatrimestre\Programacion movil\PM206\practica19\usuarioApi\usuarioApi\node_modules\react-native-gesture-handler\lib'
npm warn tar TAR_ENTRY_ERROR ENOENT: no such file or directory, lstat 'd:\Escritorio\Noveno Cuatrimestre\Programacion movil\PM206\practica19\usuarioApi\usuarioApi\node_modules\react-native-gesture-handler\src'
npm warn tar TAR_ENTRY_ERROR ENOENT: no such file or directory, lstat 'd:\Escritorio\Noveno Cuatrimestre\Programacion movil\PM206\practica19\usuarioApi\usuarioApi\node_modules\react-native-gesture-handler\lib'
npm warn tar TAR_ENTRY_ERROR ENOENT: no such file or directory, lstat 'd:\Escritorio\Noveno Cuatrimestre\Programacion movil\PM206\practica19\usuarioApi\usuarioApi\node_modules\react-native-gesture-handler\src'
npm warn tar TAR_ENTRY_ERROR ENOENT: no such file or directory, lstat 'd:\Escritorio\Noveno Cuatrimestre\Programacion movil\PM206\practica19\usuarioApi\usuarioApi\node_modules\react-native-gesture-handler\lib'
npm warn tar TAR_ENTRY_ERROR ENOENT: no such file or directory, lstat 'd:\Escritorio\Noveno Cuatrimestre\Programacion movil\PM206\practica19\usuarioApi\usuarioApi\node_modules\react-native-gesture-handler\src'
npm warn tar TAR_ENTRY_ERROR ENOENT: no such file or directory, lstat 'd:\Escritorio\Noveno Cuatrimestre\Programacion movil\PM206\practica19\usuarioApi\usuarioApi\node_modules\react-native-gesture-handler\lib'
npm warn tar TAR_ENTRY_ERROR ENOENT: no such file or directory, lstat 'd:\Escritorio\Noveno Cuatrimestre\Programacion movil\PM206\practica19\usuarioApi\usuarioApi\node_modules\react-native-gesture-handler\lib'
npm warn tar TAR_ENTRY_ERROR ENOENT: no such file or directory, lstat 'd:\Escritorio\Noveno Cuatrimestre\Programacion movil\PM206\practica19\usuarioApi\usuarioApi\node_modules\react-native-gesture-handler\lib'
npm warn tar TAR_ENTRY_ERROR ENOENT: no such file or directory, lstat 'd:\Escritorio\Noveno Cuatrimestre\Programacion movil\PM206\practica19\usuarioApi\usuarioApi\node_modules\react-native-gesture-handler\lib'
npm warn tar TAR_ENTRY_ERROR ENOENT: no such file or directory, lstat 'd:\Escritorio\Noveno Cuatrimestre\Programacion movil\PM206\practica19\usuarioApi\usuarioApi\node_modules\react-native-gesture-handler\lib'
npm warn tar TAR_ENTRY_ERROR ENOENT: no such file or directory, lstat 'd:\Escritorio\Noveno Cuatrimestre\Programacion movil\PM206\practica19\usuarioApi\usuarioApi\node_modules\react-native-gesture-handler\lib'
npm warn tar TAR_ENTRY_ERROR ENOENT: no such file or directory, lstat 'd:\Escritorio\Noveno Cuatrimestre\Programacion movil\PM206\practica19\usuarioApi\usuarioApi\node_modules\react-native-gesture-handler\lib'
npm warn tar TAR_ENTRY_ERROR ENOENT: no such file or directory, lstat 'd:\Escritorio\Noveno Cuatrimestre\Programacion movil\PM206\practica19\usuarioApi\usuarioApi\node_modules\react-native-gesture-handler\src'
npm warn tar TAR_ENTRY_ERROR ENOENT: no such file or directory, lstat 'd:\Escritorio\Noveno Cuatrimestre\Programacion movil\PM206\practica19\usuarioApi\usuarioApi\node_modules\react-native-gesture-handler\src'
npm warn tar TAR_ENTRY_ERROR ENOENT: no such file or directory, lstat 'd:\Escritorio\Noveno Cuatrimestre\Programacion movil\PM206\practica19\usuarioApi\usuarioApi\node_modules\react-native-gesture-handler\src'
npm warn tar TAR_ENTRY_ERROR ENOENT: no such file or directory, lstat 'd:\Escritorio\Noveno Cuatrimestre\Programacion movil\PM206\practica19\usuarioApi\usuarioApi\node_modules\react-native-gesture-handler\src'
npm warn tar TAR_ENTRY_ERROR ENOENT: no such file or directory, lstat 'd:\Escritorio\Noveno Cuatrimestre\Programacion movil\PM206\practica19\usuarioApi\usuarioApi\node_modules\react-native-gesture-handler\src'
npm warn tar TAR_ENTRY_ERROR ENOENT: no such file or directory, lstat 'd:\Escritorio\Noveno Cuatrimestre\Programacion movil\PM206\practica19\usuarioApi\usuarioApi\node_modules\react-native-gesture-handler\src'
npm warn tar TAR_ENTRY_ERROR ENOENT: no such file or directory, lstat 'd:\Escritorio\Noveno Cuatrimestre\Programacion movil\PM206\practica19\usuarioApi\usuarioApi\node_modules\react-native-gesture-handler\src'
npm warn tar TAR_ENTRY_ERROR ENOENT: no such file or directory, lstat 'd:\Escritorio\Noveno Cuatrimestre\Programacion movil\PM206\practica19\usuarioApi\usuarioApi\node_modules\react-native-gesture-handler\lib'
npm warn tar TAR_ENTRY_ERROR ENOENT: no such file or directory, lstat 'd:\Escritorio\Noveno Cuatrimestre\Programacion movil\PM206\practica19\usuarioApi\usuarioApi\node_modules\react-native-gesture-handler\src'
npm warn tar TAR_ENTRY_ERROR ENOENT: no such file or directory, lstat 'd:\Escritorio\Noveno Cuatrimestre\Programacion movil\PM206\practica19\usuarioApi\usuarioApi\node_modules\react-native-gesture-handler\lib'
npm warn tar TAR_ENTRY_ERROR ENOENT: no such file or directory, lstat 'd:\Escritorio\Noveno Cuatrimestre\Programacion movil\PM206\practica19\usuarioApi\usuarioApi\node_modules\react-native-gesture-handler\src'
npm warn tar TAR_ENTRY_ERROR ENOENT: no such file or directory, lstat 'd:\Escritorio\Noveno Cuatrimestre\Programacion movil\PM206\practica19\usuarioApi\usuarioApi\node_modules\react-native-gesture-handler\lib'
npm warn tar TAR_ENTRY_ERROR ENOENT: no such file or directory, lstat 'd:\Escritorio\Noveno Cuatrimestre\Programacion movil\PM206\practica19\usuarioApi\usuarioApi\node_modules\react-native-gesture-handler\src'
npm warn tar TAR_ENTRY_ERROR ENOENT: no such file or directory, lstat 'd:\Escritorio\Noveno Cuatrimestre\Programacion movil\PM206\practica19\usuarioApi\usuarioApi\node_modules\react-native-gesture-handler\lib'
npm warn tar TAR_ENTRY_ERROR ENOENT: no such file or directory, lstat 'd:\Escritorio\Noveno Cuatrimestre\Programacion movil\PM206\practica19\usuarioApi\usuarioApi\node_modules\react-native-gesture-handler\lib'
npm warn tar TAR_ENTRY_ERROR ENOENT: no such file or directory, lstat 'd:\Escritorio\Noveno Cuatrimestre\Programacion movil\PM206\practica19\usuarioApi\usuarioApi\node_modules\react-native-gesture-handler\src'
npm warn tar TAR_ENTRY_ERROR ENOENT: no such file or directory, lstat 'd:\Escritorio\Noveno Cuatrimestre\Programacion movil\PM206\practica19\usuarioApi\usuarioApi\node_modules\react-native-gesture-handler\src'
npm warn tar TAR_ENTRY_ERROR ENOENT: no such file or directory, lstat 'd:\Escritorio\Noveno Cuatrimestre\Programacion movil\PM206\practica19\usuarioApi\usuarioApi\node_modules\react-native-gesture-handler\src'
npm warn tar TAR_ENTRY_ERROR ENOENT: no such file or directory, lstat 'd:\Escritorio\Noveno Cuatrimestre\Programacion movil\PM206\practica19\usuarioApi\usuarioApi\node_modules\react-native-gesture-handler\src'
npm warn tar TAR_ENTRY_ERROR ENOENT: no such file or directory, lstat 'd:\Escritorio\Noveno Cuatrimestre\Programacion movil\PM206\practica19\usuarioApi\usuarioApi\node_modules\react-native-gesture-handler\src'
npm warn tar TAR_ENTRY_ERROR ENOENT: no such file or directory, lstat 'd:\Escritorio\Noveno Cuatrimestre\Programacion movil\PM206\practica19\usuarioApi\usuarioApi\node_modules\react-native-gesture-handler\src'
npm warn tar TAR_ENTRY_ERROR ENOENT: no such file or directory, lstat 'd:\Escritorio\Noveno Cuatrimestre\Programacion movil\PM206\practica19\usuarioApi\usuarioApi\node_modules\react-native-gesture-handler\src'
npm warn tar TAR_ENTRY_ERROR ENOENT: no such file or directory, lstat 'd:\Escritorio\Noveno Cuatrimestre\Programacion movil\PM206\practica19\usuarioApi\usuarioApi\node_modules\react-native-gesture-handler\src'
npm warn tar TAR_ENTRY_ERROR ENOENT: no such file or directory, lstat 'd:\Escritorio\Noveno Cuatrimestre\Programacion movil\PM206\practica19\usuarioApi\usuarioApi\node_modules\react-native-gesture-handler\src'
npm warn tar TAR_ENTRY_ERROR ENOENT: no such file or directory, lstat 'd:\Escritorio\Noveno Cuatrimestre\Programacion movil\PM206\practica19\usuarioApi\usuarioApi\node_modules\react-native-gesture-handler\src'
npm warn tar TAR_ENTRY_ERROR ENOENT: no such file or directory, lstat 'd:\Escritorio\Noveno Cuatrimestre\Programacion movil\PM206\practica19\usuarioApi\usuarioApi\node_modules\react-native-gesture-handler\src'
npm warn tar TAR_ENTRY_ERROR ENOENT: no such file or directory, lstat 'd:\Escritorio\Noveno Cuatrimestre\Programacion movil\PM206\practica19\usuarioApi\usuarioApi\node_modules\react-native-gesture-handler\src'
npm warn tar TAR_ENTRY_ERROR ENOENT: no such file or directory, lstat 'd:\Escritorio\Noveno Cuatrimestre\Programacion movil\PM206\practica19\usuarioApi\usuarioApi\node_modules\react-native-gesture-handler\src'
npm warn tar TAR_ENTRY_ERROR ENOENT: no such file or directory, lstat 'd:\Escritorio\Noveno Cuatrimestre\Programacion movil\PM206\practica19\usuarioApi\usuarioApi\node_modules\react-native-gesture-handler\src'
npm warn tar TAR_ENTRY_ERROR ENOENT: no such file or directory, lstat 'd:\Escritorio\Noveno Cuatrimestre\Programacion movil\PM206\practica19\usuarioApi\usuarioApi\node_modules\react-native-gesture-handler\src'
npm warn tar TAR_ENTRY_ERROR ENOENT: no such file or directory, lstat 'd:\Escritorio\Noveno Cuatrimestre\Programacion movil\PM206\practica19\usuarioApi\usuarioApi\node_modules\react-native-gesture-handler\src'
npm warn tar TAR_ENTRY_ERROR ENOENT: no such file or directory, lstat 'd:\Escritorio\Noveno Cuatrimestre\Programacion movil\PM206\practica19\usuarioApi\usuarioApi\node_modules\react-native-gesture-handler\src'
npm warn tar TAR_ENTRY_ERROR ENOENT: no such file or directory, lstat 'd:\Escritorio\Noveno Cuatrimestre\Programacion movil\PM206\practica19\usuarioApi\usuarioApi\node_modules\react-native-gesture-handler\src'
npm warn tar TAR_ENTRY_ERROR ENOENT: no such file or directory, lstat 'd:\Escritorio\Noveno Cuatrimestre\Programacion movil\PM206\practica19\usuarioApi\usuarioApi\node_modules\react-native-gesture-handler\src'
npm warn tar TAR_ENTRY_ERROR ENOENT: no such file or directory, lstat 'd:\Escritorio\Noveno Cuatrimestre\Programacion movil\PM206\practica19\usuarioApi\usuarioApi\node_modules\react-native-gesture-handler\src'
npm warn tar TAR_ENTRY_ERROR ENOENT: no such file or directory, lstat 'd:\Escritorio\Noveno Cuatrimestre\Programacion movil\PM206\practica19\usuarioApi\usuarioApi\node_modules\react-native-gesture-handler\src'
npm warn tar TAR_ENTRY_ERROR ENOENT: no such file or directory, lstat 'd:\Escritorio\Noveno Cuatrimestre\Programacion movil\PM206\practica19\usuarioApi\usuarioApi\node_modules\react-native-gesture-handler\src'
npm warn tar TAR_ENTRY_ERROR ENOENT: no such file or directory, lstat 'd:\Escritorio\Noveno Cuatrimestre\Programacion movil\PM206\practica19\usuarioApi\usuarioApi\node_modules\react-native-gesture-handler\src'
npm warn tar TAR_ENTRY_ERROR ENOENT: no such file or directory, lstat 'd:\Escritorio\Noveno Cuatrimestre\Programacion movil\PM206\practica19\usuarioApi\usuarioApi\node_modules\react-native-gesture-handler\src'
npm warn tar TAR_ENTRY_ERROR ENOENT: no such file or directory, lstat 'd:\Escritorio\Noveno Cuatrimestre\Programacion movil\PM206\practica19\usuarioApi\usuarioApi\node_modules\react-native-gesture-handler\src'
npm warn tar TAR_ENTRY_ERROR ENOENT: no such file or directory, lstat 'd:\Escritorio\Noveno Cuatrimestre\Programacion movil\PM206\practica19\usuarioApi\usuarioApi\node_modules\react-native-gesture-handler\src'
npm warn tar TAR_ENTRY_ERROR ENOENT: no such file or directory, lstat 'd:\Escritorio\Noveno Cuatrimestre\Programacion movil\PM206\practica19\usuarioApi\usuarioApi\node_modules\react-native-gesture-handler\src'
npm warn tar TAR_ENTRY_ERROR ENOENT: no such file or directory, lstat 'd:\Escritorio\Noveno Cuatrimestre\Programacion movil\PM206\practica19\usuarioApi\usuarioApi\node_modules\react-native-gesture-handler\src'
npm warn tar TAR_ENTRY_ERROR ENOENT: no such file or directory, lstat 'd:\Escritorio\Noveno Cuatrimestre\Programacion movil\PM206\practica19\usuarioApi\usuarioApi\node_modules\react-native-gesture-handler\src'
npm warn tar TAR_ENTRY_ERROR ENOENT: no such file or directory, lstat 'd:\Escritorio\Noveno Cuatrimestre\Programacion movil\PM206\practica19\usuarioApi\usuarioApi\node_modules\react-native-gesture-handler\src'
npm warn tar TAR_ENTRY_ERROR ENOENT: no such file or directory, lstat 'd:\Escritorio\Noveno Cuatrimestre\Programacion movil\PM206\practica19\usuarioApi\usuarioApi\node_modules\react-native-gesture-handler\src'
npm warn tar TAR_ENTRY_ERROR ENOENT: no such file or directory, lstat 'd:\Escritorio\Noveno Cuatrimestre\Programacion movil\PM206\practica19\usuarioApi\usuarioApi\node_modules\react-native-gesture-handler\src'
npm warn tar TAR_ENTRY_ERROR ENOENT: no such file or directory, lstat 'd:\Escritorio\Noveno Cuatrimestre\Programacion movil\PM206\practica19\usuarioApi\usuarioApi\node_modules\react-native-gesture-handler\src'
npm warn tar TAR_ENTRY_ERROR ENOENT: no such file or directory, lstat 'd:\Escritorio\Noveno Cuatrimestre\Programacion movil\PM206\practica19\usuarioApi\usuarioApi\node_modules\react-native-gesture-handler\android'
npm warn tar TAR_ENTRY_ERROR ENOENT: no such file or directory, lstat 'd:\Escritorio\Noveno Cuatrimestre\Programacion movil\PM206\practica19\usuarioApi\usuarioApi\node_modules\react-native-gesture-handler\android'
npm warn tar TAR_ENTRY_ERROR ENOENT: no such file or directory, open 'd:\Escritorio\Noveno Cuatrimestre\Programacion movil\PM206\practica19\usuarioApi\usuarioApi\node_modules\react-native\ReactCommon\react\bridging\tests\BridgingTest.h'
npm warn tar TAR_ENTRY_ERROR ENOENT: no such file or directory, lstat 'd:\Escritorio\Noveno Cuatrimestre\Programacion movil\PM206\practica19\usuarioApi\usuarioApi\node_modules\react-native\ReactAndroid\src\main'
npm warn tar TAR_ENTRY_ERROR ENOENT: no such file or directory, lstat 'd:\Escritorio\Noveno Cuatrimestre\Programacion movil\PM206\practica19\usuarioApi\usuarioApi\node_modules\react-native\ReactAndroid'
npm warn tar TAR_ENTRY_ERROR ENOENT: no such file or directory, lstat 'd:\Escritorio\Noveno Cuatrimestre\Programacion movil\PM206\practica19\usuarioApi\usuarioApi\node_modules\react-native\ReactAndroid'
npm warn tar TAR_ENTRY_ERROR ENOENT: no such file or directory, lstat 'd:\Escritorio\Noveno Cuatrimestre\Programacion movil\PM206\practica19\usuarioApi\usuarioApi\node_modules\react-native\ReactAndroid'
npm warn tar TAR_ENTRY_ERROR ENOENT: no such file or directory, lstat 'd:\Escritorio\Noveno Cuatrimestre\Programacion movil\PM206\practica19\usuarioApi\usuarioApi\node_modules\react-native\ReactAndroid'
npm warn tar TAR_ENTRY_ERROR ENOENT: no such file or directory, lstat 'd:\Escritorio\Noveno Cuatrimestre\Programacion movil\PM206\practica19\usuarioApi\usuarioApi\node_modules\react-native\ReactAndroid'
npm warn tar TAR_ENTRY_ERROR ENOENT: no such file or directory, lstat 'd:\Escritorio\Noveno Cuatrimestre\Programacion movil\PM206\practica19\usuarioApi\usuarioApi\node_modules\react-native\ReactAndroid'
npm warn tar TAR_ENTRY_ERROR ENOENT: no such file or directory, lstat 'd:\Escritorio\Noveno Cuatrimestre\Programacion movil\PM206\practica19\usuarioApi\usuarioApi\node_modules\react-native\ReactAndroid'
npm warn tar TAR_ENTRY_ERROR ENOENT: no such file or directory, lstat 'd:\Escritorio\Noveno Cuatrimestre\Programacion movil\PM206\practica19\usuarioApi\usuarioApi\node_modules\react-native\ReactAndroid'
npm warn tar TAR_ENTRY_ERROR ENOENT: no such file or directory, lstat 'd:\Escritorio\Noveno Cuatrimestre\Programacion movil\PM206\practica19\usuarioApi\usuarioApi\node_modules\react-native\ReactAndroid'
npm warn tar TAR_ENTRY_ERROR ENOENT: no such file or directory, lstat 'd:\Escritorio\Noveno Cuatrimestre\Programacion movil\PM206\practica19\usuarioApi\usuarioApi\node_modules\react-native\ReactAndroid'
npm warn tar TAR_ENTRY_ERROR ENOENT: no such file or directory, lstat 'd:\Escritorio\Noveno Cuatrimestre\Programacion movil\PM206\practica19\usuarioApi\usuarioApi\node_modules\react-native\ReactAndroid'
npm warn tar TAR_ENTRY_ERROR ENOENT: no such file or directory, lstat 'd:\Escritorio\Noveno Cuatrimestre\Programacion movil\PM206\practica19\usuarioApi\usuarioApi\node_modules\react-native\ReactAndroid'
npm warn tar TAR_ENTRY_ERROR ENOENT: no such file or directory, lstat 'd:\Escritorio\Noveno Cuatrimestre\Programacion movil\PM206\practica19\usuarioApi\usuarioApi\node_modules\react-native\ReactAndroid'
npm warn tar TAR_ENTRY_ERROR ENOENT: no such file or directory, lstat 'd:\Escritorio\Noveno Cuatrimestre\Programacion movil\PM206\practica19\usuarioApi\usuarioApi\node_modules\react-native\ReactAndroid'
npm warn tar TAR_ENTRY_ERROR ENOENT: no such file or directory, lstat 'd:\Escritorio\Noveno Cuatrimestre\Programacion movil\PM206\practica19\usuarioApi\usuarioApi\node_modules\react-native\ReactAndroid'
npm warn tar TAR_ENTRY_ERROR ENOENT: no such file or directory, lstat 'd:\Escritorio\Noveno Cuatrimestre\Programacion movil\PM206\practica19\usuarioApi\usuarioApi\node_modules\react-native\ReactAndroid'
npm warn tar TAR_ENTRY_ERROR ENOENT: no such file or directory, lstat 'd:\Escritorio\Noveno Cuatrimestre\Programacion movil\PM206\practica19\usuarioApi\usuarioApi\node_modules\react-native\ReactAndroid'
npm warn tar TAR_ENTRY_ERROR ENOENT: no such file or directory, lstat 'd:\Escritorio\Noveno Cuatrimestre\Programacion movil\PM206\practica19\usuarioApi\usuarioApi\node_modules\react-native\ReactAndroid'
npm warn tar TAR_ENTRY_ERROR ENOENT: no such file or directory, lstat 'd:\Escritorio\Noveno Cuatrimestre\Programacion movil\PM206\practica19\usuarioApi\usuarioApi\node_modules\react-native\ReactAndroid'
npm warn tar TAR_ENTRY_ERROR ENOENT: no such file or directory, lstat 'd:\Escritorio\Noveno Cuatrimestre\Programacion movil\PM206\practica19\usuarioApi\usuarioApi\node_modules\react-native\ReactAndroid'
npm warn tar TAR_ENTRY_ERROR ENOENT: no such file or directory, lstat 'd:\Escritorio\Noveno Cuatrimestre\Programacion movil\PM206\practica19\usuarioApi\usuarioApi\node_modules\react-native\ReactAndroid'
npm warn tar TAR_ENTRY_ERROR ENOENT: no such file or directory, lstat 'd:\Escritorio\Noveno Cuatrimestre\Programacion movil\PM206\practica19\usuarioApi\usuarioApi\node_modules\react-native\ReactAndroid'
npm warn tar TAR_ENTRY_ERROR ENOENT: no such file or directory, lstat 'd:\Escritorio\Noveno Cuatrimestre\Programacion movil\PM206\practica19\usuarioApi\usuarioApi\node_modules\react-native\ReactAndroid'
npm warn tar TAR_ENTRY_ERROR ENOENT: no such file or directory, lstat 'd:\Escritorio\Noveno Cuatrimestre\Programacion movil\PM206\practica19\usuarioApi\usuarioApi\node_modules\react-native\ReactAndroid'
npm warn tar TAR_ENTRY_ERROR ENOENT: no such file or directory, lstat 'd:\Escritorio\Noveno Cuatrimestre\Programacion movil\PM206\practica19\usuarioApi\usuarioApi\node_modules\react-native\ReactAndroid'

changed 95 packages, and audited 858 packages in 14m

57 packages are looking for funding
  run `npm fund` for details

22 vulnerabilities (10 moderate, 12 high)

To address issues that do not require attention, run:
  npm audit fix

To address all issues (including breaking changes), run:
  npm audit fix --force

Run `npm audit` for details.
